Species,Age,Treatment,Stage,Number_Oocyte,TUNEL_Cell,Ovary,Ovariole,Image_Code,Replicate,TUNEL_Ovariole,Timepoint,Replicate_Cor
DMEL,1,Control,Stage 11,0,0,1,1,9_1,1,0,Early,1
DMEL,1,Control,Stage 12-14,0,0,1,1,9_1,1,0,Early,1
DMEL,1,Control,Stages 1-7,3,0,1,1,9_1,1,0,Early,1
DMEL,1,Control,Stages 8-10,0,0,1,1,9_1,1,0,Early,1
DMEL,1,Control,Stage 11,0,0,1,3,9_1,1,0,Early,1
DMEL,1,Control,Stage 12-14,0,0,1,3,9_1,1,0,Early,1
DMEL,1,Control,Stages 1-7,3,0,1,3,9_1,1,0,Early,1
DMEL,1,Control,Stages 8-10,0,0,1,3,9_1,1,0,Early,1
DMEL,1,Control,Stage 11,0,0,1,2,9_1,1,1,Early,1
DMEL,1,Control,Stage 12-14,0,0,1,2,9_1,1,1,Early,1
DMEL,1,Control,Stages 1-7,4,1,1,2,9_1,1,1,Early,1
DMEL,1,Control,Stages 8-10,0,0,1,2,9_1,1,1,Early,1
DMEL,1,Control,Stage 11,0,0,1,3,9_2,2,0,Early,2
DMEL,1,Control,Stage 12-14,0,0,1,3,9_2,2,0,Early,2
DMEL,1,Control,Stages 1-7,3,0,1,3,9_2,2,0,Early,2
DMEL,1,Control,Stages 8-10,1,0,1,3,9_2,2,0,Early,2
DMEL,1,Control,Stage 11,0,0,1,4,9_2,2,0,Early,2
DMEL,1,Control,Stage 12-14,0,0,1,4,9_2,2,0,Early,2
DMEL,1,Control,Stages 1-7,3,0,1,4,9_2,2,0,Early,2
DMEL,1,Control,Stages 8-10,0,0,1,4,9_2,2,0,Early,2
DMEL,1,Control,Stage 11,0,0,1,6,9_2,2,0,Early,2
DMEL,1,Control,Stage 12-14,0,0,1,6,9_2,2,0,Early,2
DMEL,1,Control,Stages 1-7,3,0,1,6,9_2,2,0,Early,2
DMEL,1,Control,Stages 8-10,0,0,1,6,9_2,2,0,Early,2
DMEL,1,Control,Stages 1-7,4,0,1,7,9_2,2,0,Early,2
DMEL,1,Control,Stages 8-10,0,0,1,7,9_2,2,0,Early,2
DMEL,1,Control,Stage 11,0,0,1,7,9_2,2,0,Early,2
DMEL,1,Control,Stage 12-14,0,0,1,7,9_2,2,0,Early,2
DMEL,1,Control,Stage 11,0,0,1,1,9_2,2,1,Early,2
DMEL,1,Control,Stage 12-14,0,0,1,1,9_2,2,1,Early,2
DMEL,1,Control,Stages 1-7,4,1,1,1,9_2,2,1,Early,2
DMEL,1,Control,Stages 8-10,0,0,1,1,9_2,2,1,Early,2
DMEL,1,Control,Stage 11,0,0,1,2,9_2,2,1,Early,2
DMEL,1,Control,Stage 12-14,0,0,1,2,9_2,2,1,Early,2
DMEL,1,Control,Stages 1-7,4,1,1,2,9_2,2,1,Early,2
DMEL,1,Control,Stages 8-10,0,0,1,2,9_2,2,1,Early,2
DMEL,1,Control,Stage 11,0,0,1,5,9_2,2,1,Early,2
DMEL,1,Control,Stage 12-14,0,0,1,5,9_2,2,1,Early,2
DMEL,1,Control,Stages 1-7,4,1,1,5,9_2,2,1,Early,2
DMEL,1,Control,Stages 8-10,0,0,1,5,9_2,2,1,Early,2
DMEL,4,Control,Stage 11,1,0,1,1,6_1,1,0,Late,3
DMEL,4,Control,Stage 12-14,1,0,1,1,6_1,1,0,Late,3
DMEL,4,Control,Stages 1-7,3,0,1,1,6_1,1,0,Late,3
DMEL,4,Control,Stages 8-10,1,0,1,1,6_1,1,0,Late,3
DMEL,4,Control,Stage 11,1,0,1,2,6_1,1,0,Late,3
DMEL,4,Control,Stage 12-14,1,0,1,2,6_1,1,0,Late,3
DMEL,4,Control,Stages 1-7,2,0,1,2,6_1,1,0,Late,3
DMEL,4,Control,Stages 8-10,0,0,1,2,6_1,1,0,Late,3
DMEL,4,Control,Stage 11,1,0,1,3,6_1,1,0,Late,3
DMEL,4,Control,Stage 12-14,1,0,1,3,6_1,1,0,Late,3
DMEL,4,Control,Stages 1-7,3,0,1,3,6_1,1,0,Late,3
DMEL,4,Control,Stages 8-10,0,0,1,3,6_1,1,0,Late,3
DMEL,4,Control,Stage 11,0,0,1,1,6_3,2,0,Late,4
DMEL,4,Control,Stage 12-14,0,0,1,1,6_3,2,0,Late,4
DMEL,4,Control,Stages 1-7,4,0,1,1,6_3,2,0,Late,4
DMEL,4,Control,Stages 8-10,0,0,1,1,6_3,2,0,Late,4
DMEL,4,Control,Stage 11,0,0,1,2,6_3,2,0,Late,4
DMEL,4,Control,Stage 12-14,0,0,1,2,6_3,2,0,Late,4
DMEL,4,Control,Stages 1-7,3,0,1,2,6_3,2,0,Late,4
DMEL,4,Control,Stages 8-10,0,0,1,2,6_3,2,0,Late,4
DMEL,4,Control,Stage 11,0,0,1,3,6_3,2,0,Late,4
DMEL,4,Control,Stage 12-14,0,0,1,3,6_3,2,0,Late,4
DMEL,4,Control,Stages 1-7,4,0,1,3,6_3,2,0,Late,4
DMEL,4,Control,Stages 8-10,0,0,1,3,6_3,2,0,Late,4
DMEL,4,Control,Stage 11,0,0,1,4,6_3,2,0,Late,4
DMEL,4,Control,Stage 12-14,0,0,1,4,6_3,2,0,Late,4
DMEL,4,Control,Stages 1-7,2,0,1,4,6_3,2,0,Late,4
DMEL,4,Control,Stages 8-10,0,0,1,4,6_3,2,0,Late,4
DMEL,4,Control,Stage 11,0,0,1,5,6_3,2,0,Late,4
DMEL,4,Control,Stage 12-14,0,0,1,5,6_3,2,0,Late,4
DMEL,4,Control,Stages 1-7,4,0,1,5,6_3,2,0,Late,4
DMEL,4,Control,Stages 8-10,0,0,1,5,6_3,2,0,Late,4
DMEL,4,Control,Stage 11,0,0,2,1,6_3,2,0,Late,4
DMEL,4,Control,Stage 12-14,0,0,2,1,6_3,2,0,Late,4
DMEL,4,Control,Stages 1-7,3,0,2,1,6_3,2,0,Late,4
DMEL,4,Control,Stages 8-10,0,0,2,1,6_3,2,0,Late,4
DMEL,4,Control,Stage 11,0,0,2,2,6_3,2,0,Late,4
DMEL,4,Control,Stage 12-14,0,0,2,2,6_3,2,0,Late,4
DMEL,4,Control,Stages 1-7,4,0,2,2,6_3,2,0,Late,4
DMEL,4,Control,Stages 8-10,0,0,2,2,6_3,2,0,Late,4
DMEL,4,Control,Stage 11,0,0,2,3,6_3,2,0,Late,4
DMEL,4,Control,Stage 12-14,0,0,2,3,6_3,2,0,Late,4
DMEL,4,Control,Stages 1-7,3,0,2,3,6_3,2,0,Late,4
DMEL,4,Control,Stages 8-10,0,0,2,3,6_3,2,0,Late,4
DMEL,4,Control,Stage 11,0,0,2,4,6_3,2,0,Late,4
DMEL,4,Control,Stage 12-14,0,0,2,4,6_3,2,0,Late,4
DMEL,4,Control,Stages 1-7,3,0,2,4,6_3,2,0,Late,4
DMEL,4,Control,Stages 8-10,0,0,2,4,6_3,2,0,Late,4
DMEL,4,Control,Stage 11,0,0,2,5,6_3,2,0,Late,4
DMEL,4,Control,Stage 12-14,0,0,2,5,6_3,2,0,Late,4
DMEL,4,Control,Stages 1-7,2,0,2,5,6_3,2,0,Late,4
DMEL,4,Control,Stages 8-10,0,0,2,5,6_3,2,0,Late,4
DMEL,4,Control,Stage 11,0,0,2,6,6_3,2,0,Late,4
DMEL,4,Control,Stage 12-14,0,0,2,6,6_3,2,0,Late,4
DMEL,4,Control,Stages 1-7,4,0,2,6,6_3,2,0,Late,4
DMEL,4,Control,Stages 8-10,0,0,2,6,6_3,2,0,Late,4
DMEL,4,Control,Stages 1-7,4,0,2,7,6_3,2,0,Late,4
DMEL,4,Control,Stages 8-10,0,0,2,7,6_3,2,0,Late,4
DMEL,4,Control,Stage 11,0,0,2,7,6_3,2,0,Late,4
DMEL,4,Control,Stage 12-14,0,0,2,7,6_3,2,0,Late,4
DMEL,4,Control,Stages 1-7,3,0,2,8,6_3,2,0,Late,4
DMEL,4,Control,Stages 8-10,0,0,2,8,6_3,2,0,Late,4
DMEL,4,Control,Stage 11,0,0,2,8,6_3,2,0,Late,4
DMEL,4,Control,Stage 12-14,0,0,2,8,6_3,2,0,Late,4
DMEL,4,Control,Stages 1-7,4,0,2,9,6_3,2,0,Late,4
DMEL,4,Control,Stages 8-10,0,0,2,9,6_3,2,0,Late,4
DMEL,4,Control,Stage 11,0,0,2,9,6_3,2,0,Late,4
DMEL,4,Control,Stage 12-14,0,0,2,9,6_3,2,0,Late,4
DMEL,4,Control,Stages 1-7,5,0,2,10,6_3,2,0,Late,4
DMEL,4,Control,Stages 8-10,0,0,2,10,6_3,2,0,Late,4
DMEL,4,Control,Stage 11,0,0,2,10,6_3,2,0,Late,4
DMEL,4,Control,Stage 12-14,0,0,2,10,6_3,2,0,Late,4
DMEL,0.25,HighTemp,Stage 11,0,0,1,1,8_1,1,0,Early,5
DMEL,0.25,HighTemp,Stage 12-14,0,0,1,1,8_1,1,0,Early,5
DMEL,0.25,HighTemp,Stages 1-7,4,0,1,1,8_1,1,0,Early,5
DMEL,0.25,HighTemp,Stages 8-10,0,0,1,1,8_1,1,0,Early,5
DMEL,0.25,HighTemp,Stage 11,0,0,1,2,8_1,1,0,Early,5
DMEL,0.25,HighTemp,Stage 12-14,0,0,1,2,8_1,1,0,Early,5
DMEL,0.25,HighTemp,Stages 1-7,5,0,1,2,8_1,1,0,Early,5
DMEL,0.25,HighTemp,Stages 8-10,0,0,1,2,8_1,1,0,Early,5
DMEL,0.25,HighTemp,Stage 11,0,0,1,3,8_1,1,0,Early,5
DMEL,0.25,HighTemp,Stage 12-14,0,0,1,3,8_1,1,0,Early,5
DMEL,0.25,HighTemp,Stages 1-7,3,0,1,3,8_1,1,0,Early,5
DMEL,0.25,HighTemp,Stages 8-10,0,0,1,3,8_1,1,0,Early,5
DMEL,0.25,HighTemp,Stage 11,0,0,1,4,8_1,1,0,Early,5
DMEL,0.25,HighTemp,Stage 12-14,0,0,1,4,8_1,1,0,Early,5
DMEL,0.25,HighTemp,Stages 1-7,4,0,1,4,8_1,1,0,Early,5
DMEL,0.25,HighTemp,Stages 8-10,0,0,1,4,8_1,1,0,Early,5
DMEL,0.25,HighTemp,Stage 11,0,0,1,5,8_1,1,0,Early,5
DMEL,0.25,HighTemp,Stage 12-14,0,0,1,5,8_1,1,0,Early,5
DMEL,0.25,HighTemp,Stages 1-7,3,0,1,5,8_1,1,0,Early,5
DMEL,0.25,HighTemp,Stages 8-10,0,0,1,5,8_1,1,0,Early,5
DMEL,0.25,HighTemp,Stage 11,0,0,1,6,8_1,1,0,Early,5
DMEL,0.25,HighTemp,Stage 12-14,0,0,1,6,8_1,1,0,Early,5
DMEL,0.25,HighTemp,Stages 1-7,5,0,1,6,8_1,1,0,Early,5
DMEL,0.25,HighTemp,Stages 8-10,0,0,1,6,8_1,1,0,Early,5
DMEL,0.25,HighTemp,Stages 1-7,3,0,1,7,8_1,1,0,Early,5
DMEL,0.25,HighTemp,Stages 8-10,1,0,1,7,8_1,1,0,Early,5
DMEL,0.25,HighTemp,Stage 11,0,0,1,7,8_1,1,0,Early,5
DMEL,0.25,HighTemp,Stage 12-14,0,0,1,7,8_1,1,0,Early,5
DMEL,0.25,HighTemp,Stages 1-7,3,0,1,8,8_1,1,0,Early,5
DMEL,0.25,HighTemp,Stages 8-10,0,0,1,8,8_1,1,0,Early,5
DMEL,0.25,HighTemp,Stage 11,0,0,1,8,8_1,1,0,Early,5
DMEL,0.25,HighTemp,Stage 12-14,0,0,1,8,8_1,1,0,Early,5
DMEL,0.25,HighTemp,Stage 11,0,0,1,9,8_1,1,0,Early,5
DMEL,0.25,HighTemp,Stage 12-14,0,0,1,9,8_1,1,0,Early,5
DMEL,0.25,HighTemp,Stages 1-7,3,0,1,9,8_1,1,0,Early,5
DMEL,0.25,HighTemp,Stages 8-10,1,0,1,9,8_1,1,0,Early,5
DMEL,2,HighTemp,Stage 11,1,1,1,2,7_1,1,1,Early,6
DMEL,2,HighTemp,Stage 12-14,0,0,1,2,7_1,1,1,Early,6
DMEL,2,HighTemp,Stages 1-7,5,0,1,2,7_1,1,1,Early,6
DMEL,2,HighTemp,Stages 8-10,0,0,1,2,7_1,1,1,Early,6
DMEL,2,HighTemp,Stages 1-7,4,0,1,11,7_1,1,1,Early,6
DMEL,2,HighTemp,Stages 8-10,2,1,1,11,7_1,1,1,Early,6
DMEL,2,HighTemp,Stage 11,1,0,1,11,7_1,1,1,Early,6
DMEL,2,HighTemp,Stage 12-14,0,0,1,11,7_1,1,1,Early,6
DMEL,0.25,HighTemp,Stage 11,0,0,1,1,8_2,2,0,Early,7
DMEL,0.25,HighTemp,Stage 12-14,0,0,1,1,8_2,2,0,Early,7
DMEL,0.25,HighTemp,Stages 1-7,5,0,1,1,8_2,2,0,Early,7
DMEL,0.25,HighTemp,Stages 8-10,0,0,1,1,8_2,2,0,Early,7
DMEL,0.25,HighTemp,Stage 11,0,0,1,2,8_2,2,0,Early,7
DMEL,0.25,HighTemp,Stage 12-14,0,0,1,2,8_2,2,0,Early,7
DMEL,0.25,HighTemp,Stages 1-7,3,0,1,2,8_2,2,0,Early,7
DMEL,0.25,HighTemp,Stages 8-10,0,0,1,2,8_2,2,0,Early,7
DMEL,0.25,HighTemp,Stage 11,0,0,1,3,8_2,2,0,Early,7
DMEL,0.25,HighTemp,Stage 12-14,0,0,1,3,8_2,2,0,Early,7
DMEL,0.25,HighTemp,Stages 1-7,3,0,1,3,8_2,2,0,Early,7
DMEL,0.25,HighTemp,Stages 8-10,1,0,1,3,8_2,2,0,Early,7
DMEL,0.25,HighTemp,Stage 11,0,0,1,4,8_2,2,0,Early,7
DMEL,0.25,HighTemp,Stage 12-14,0,0,1,4,8_2,2,0,Early,7
DMEL,0.25,HighTemp,Stages 1-7,6,0,1,4,8_2,2,0,Early,7
DMEL,0.25,HighTemp,Stages 8-10,0,0,1,4,8_2,2,0,Early,7
DMEL,0.25,HighTemp,Stage 11,0,0,1,5,8_2,2,0,Early,7
DMEL,0.25,HighTemp,Stage 12-14,0,0,1,5,8_2,2,0,Early,7
DMEL,0.25,HighTemp,Stages 1-7,4,0,1,5,8_2,2,0,Early,7
DMEL,0.25,HighTemp,Stages 8-10,0,0,1,5,8_2,2,0,Early,7
DMEL,0.25,HighTemp,Stage 11,0,0,1,6,8_2,2,0,Early,7
DMEL,0.25,HighTemp,Stage 12-14,0,0,1,6,8_2,2,0,Early,7
DMEL,0.25,HighTemp,Stages 1-7,4,0,1,6,8_2,2,0,Early,7
DMEL,0.25,HighTemp,Stages 8-10,0,0,1,6,8_2,2,0,Early,7
DMEL,0.25,HighTemp,Stages 1-7,6,0,1,7,8_2,2,0,Early,7
DMEL,0.25,HighTemp,Stages 8-10,0,0,1,7,8_2,2,0,Early,7
DMEL,0.25,HighTemp,Stage 11,0,0,1,7,8_2,2,0,Early,7
DMEL,0.25,HighTemp,Stage 12-14,0,0,1,7,8_2,2,0,Early,7
DMEL,0.25,HighTemp,Stages 1-7,3,0,1,8,8_2,2,0,Early,7
DMEL,0.25,HighTemp,Stages 8-10,0,0,1,8,8_2,2,0,Early,7
DMEL,0.25,HighTemp,Stage 11,0,0,1,8,8_2,2,0,Early,7
DMEL,0.25,HighTemp,Stage 12-14,0,0,1,8,8_2,2,0,Early,7
DMEL,0.25,HighTemp,Stages 8-10,0,0,1,9,8_2,2,0,Early,7
DMEL,0.25,HighTemp,Stage 11,0,0,1,9,8_2,2,0,Early,7
DMEL,0.25,HighTemp,Stages 1-7,5,0,1,9,8_2,2,0,Early,7
DMEL,0.25,HighTemp,Stage 12-14,0,0,1,9,8_2,2,0,Early,7
DMEL,0.25,HighTemp,Stage 11,0,0,1,1,8_3,3,0,Early,8
DMEL,0.25,HighTemp,Stage 12-14,0,0,1,1,8_3,3,0,Early,8
DMEL,0.25,HighTemp,Stages 1-7,5,0,1,1,8_3,3,0,Early,8
DMEL,0.25,HighTemp,Stages 8-10,0,0,1,1,8_3,3,0,Early,8
DMEL,0.25,HighTemp,Stage 11,0,0,1,2,8_3,3,0,Early,8
DMEL,0.25,HighTemp,Stage 12-14,0,0,1,2,8_3,3,0,Early,8
DMEL,0.25,HighTemp,Stages 1-7,5,0,1,2,8_3,3,0,Early,8
DMEL,0.25,HighTemp,Stages 8-10,0,0,1,2,8_3,3,0,Early,8
DMEL,0.25,HighTemp,Stage 11,0,0,1,3,8_3,3,0,Early,8
DMEL,0.25,HighTemp,Stage 12-14,0,0,1,3,8_3,3,0,Early,8
DMEL,0.25,HighTemp,Stages 1-7,4,0,1,3,8_3,3,0,Early,8
DMEL,0.25,HighTemp,Stages 8-10,0,0,1,3,8_3,3,0,Early,8
DMEL,0.25,HighTemp,Stage 11,0,0,1,4,8_3,3,0,Early,8
DMEL,0.25,HighTemp,Stage 12-14,0,0,1,4,8_3,3,0,Early,8
DMEL,0.25,HighTemp,Stages 1-7,3,0,1,4,8_3,3,0,Early,8
DMEL,0.25,HighTemp,Stages 8-10,1,0,1,4,8_3,3,0,Early,8
DMEL,0.25,HighTemp,Stage 11,0,0,1,5,8_3,3,0,Early,8
DMEL,0.25,HighTemp,Stage 12-14,0,0,1,5,8_3,3,0,Early,8
DMEL,0.25,HighTemp,Stages 1-7,4,0,1,5,8_3,3,0,Early,8
DMEL,0.25,HighTemp,Stages 8-10,1,0,1,5,8_3,3,0,Early,8
DMEL,0.25,HighTemp,Stage 11,0,0,1,6,8_3,3,0,Early,8
DMEL,0.25,HighTemp,Stage 12-14,0,0,1,6,8_3,3,0,Early,8
DMEL,0.25,HighTemp,Stages 1-7,4,0,1,6,8_3,3,0,Early,8
DMEL,0.25,HighTemp,Stages 8-10,0,0,1,6,8_3,3,0,Early,8
DMEL,0.25,HighTemp,Stages 1-7,4,0,1,7,8_3,3,0,Early,8
DMEL,0.25,HighTemp,Stages 8-10,0,0,1,7,8_3,3,0,Early,8
DMEL,0.25,HighTemp,Stage 11,0,0,1,7,8_3,3,0,Early,8
DMEL,0.25,HighTemp,Stage 12-14,0,0,1,7,8_3,3,0,Early,8
DMEL,0.25,HighTemp,Stages 1-7,3,0,1,8,8_3,3,0,Early,8
DMEL,0.25,HighTemp,Stages 8-10,1,0,1,8,8_3,3,0,Early,8
DMEL,0.25,HighTemp,Stage 11,0,0,1,8,8_3,3,0,Early,8
DMEL,0.25,HighTemp,Stage 12-14,0,0,1,8,8_3,3,0,Early,8
DMEL,0.25,HighTemp,Stages 1-7,3,0,1,9,8_3,3,0,Early,8
DMEL,0.25,HighTemp,Stages 8-10,0,0,1,9,8_3,3,0,Early,8
DMEL,0.25,HighTemp,Stage 11,0,0,1,9,8_3,3,0,Early,8
DMEL,0.25,HighTemp,Stage 12-14,0,0,1,9,8_3,3,0,Early,8
DMEL,0.25,HighTemp,Stages 1-7,4,0,1,10,8_3,3,0,Early,8
DMEL,0.25,HighTemp,Stages 8-10,0,0,1,10,8_3,3,0,Early,8
DMEL,0.25,HighTemp,Stage 11,0,0,1,10,8_3,3,0,Early,8
DMEL,0.25,HighTemp,Stage 12-14,0,0,1,10,8_3,3,0,Early,8
DMEL,0.25,HighTemp,Stages 1-7,4,0,1,11,8_3,3,0,Early,8
DMEL,0.25,HighTemp,Stages 8-10,0,0,1,11,8_3,3,0,Early,8
DMEL,0.25,HighTemp,Stage 11,0,0,1,11,8_3,3,0,Early,8
DMEL,0.25,HighTemp,Stage 12-14,0,0,1,11,8_3,3,0,Early,8
DMEL,0.25,HighTemp,Stages 1-7,3,0,1,12,8_3,3,0,Early,8
DMEL,0.25,HighTemp,Stages 8-10,0,0,1,12,8_3,3,0,Early,8
DMEL,0.25,HighTemp,Stage 11,0,0,1,12,8_3,3,0,Early,8
DMEL,0.25,HighTemp,Stage 12-14,0,0,1,12,8_3,3,0,Early,8
DMEL,2,HighTemp,Stage 11,0,0,1,1,7_5,3,1,Early,9
DMEL,2,HighTemp,Stage 12-14,1,1,1,1,7_5,3,1,Early,9
DMEL,2,HighTemp,Stages 1-7,5,0,1,1,7_5,3,1,Early,9
DMEL,2,HighTemp,Stages 8-10,2,0,1,1,7_5,3,1,Early,9
DMEL,2,HighTemp,Stage 11,0,0,1,2,7_5,3,1,Early,9
DMEL,2,HighTemp,Stage 12-14,1,1,1,2,7_5,3,1,Early,9
DMEL,2,HighTemp,Stages 1-7,5,0,1,2,7_5,3,1,Early,9
DMEL,2,HighTemp,Stages 8-10,1,0,1,2,7_5,3,1,Early,9
DMEL,2,HighTemp,Stage 11,0,0,1,4,7_5,3,1,Early,9
DMEL,2,HighTemp,Stage 12-14,1,1,1,4,7_5,3,1,Early,9
DMEL,2,HighTemp,Stages 1-7,4,0,1,4,7_5,3,1,Early,9
DMEL,2,HighTemp,Stages 8-10,0,0,1,4,7_5,3,1,Early,9
DMEL,2,HighTemp,Stage 11,1,0,1,6,7_5,3,1,Early,9
DMEL,2,HighTemp,Stage 12-14,1,1,1,6,7_5,3,1,Early,9
DMEL,2,HighTemp,Stages 1-7,4,0,1,6,7_5,3,1,Early,9
DMEL,2,HighTemp,Stages 8-10,0,0,1,6,7_5,3,1,Early,9
DMEL,2,HighTemp,Stages 1-7,4,0,1,8,7_5,3,1,Early,9
DMEL,2,HighTemp,Stages 8-10,0,0,1,8,7_5,3,1,Early,9
DMEL,2,HighTemp,Stage 11,0,0,1,8,7_5,3,1,Early,9
DMEL,2,HighTemp,Stage 12-14,1,1,1,8,7_5,3,1,Early,9
DMEL,2,HighTemp,Stage 11,1,0,2,1,7_1,1,1,Early,9
DMEL,2,HighTemp,Stage 12-14,0,0,2,1,7_1,1,1,Early,9
DMEL,2,HighTemp,Stages 1-7,2,0,2,1,7_1,1,1,Early,9
DMEL,2,HighTemp,Stages 8-10,1,1,2,1,7_1,1,1,Early,9
DMEL,2,HighTemp,Stage 11,1,1,2,5,7_1,1,1,Early,9
DMEL,2,HighTemp,Stage 12-14,0,0,2,5,7_1,1,1,Early,9
DMEL,2,HighTemp,Stages 1-7,2,0,2,5,7_1,1,1,Early,9
DMEL,2,HighTemp,Stages 8-10,1,0,2,5,7_1,1,1,Early,9
DMEL,0.25,HighTemp,Stage 11,0,0,2,1,8_2,2,0,Early,10
DMEL,0.25,HighTemp,Stage 12-14,0,0,2,1,8_2,2,0,Early,10
DMEL,0.25,HighTemp,Stages 1-7,5,0,2,1,8_2,2,0,Early,10
DMEL,0.25,HighTemp,Stages 8-10,0,0,2,1,8_2,2,0,Early,10
DMEL,0.25,HighTemp,Stage 11,0,0,2,2,8_2,2,0,Early,10
DMEL,0.25,HighTemp,Stage 12-14,0,0,2,2,8_2,2,0,Early,10
DMEL,0.25,HighTemp,Stages 1-7,4,0,2,2,8_2,2,0,Early,10
DMEL,0.25,HighTemp,Stages 8-10,0,0,2,2,8_2,2,0,Early,10
DMEL,0.25,HighTemp,Stage 11,0,0,2,3,8_2,2,0,Early,10
DMEL,0.25,HighTemp,Stage 12-14,0,0,2,3,8_2,2,0,Early,10
DMEL,0.25,HighTemp,Stages 1-7,3,0,2,3,8_2,2,0,Early,10
DMEL,0.25,HighTemp,Stages 8-10,0,0,2,3,8_2,2,0,Early,10
DMEL,0.25,HighTemp,Stage 11,0,0,2,4,8_2,2,0,Early,10
DMEL,0.25,HighTemp,Stage 12-14,0,0,2,4,8_2,2,0,Early,10
DMEL,0.25,HighTemp,Stages 1-7,4,0,2,4,8_2,2,0,Early,10
DMEL,0.25,HighTemp,Stages 8-10,0,0,2,4,8_2,2,0,Early,10
DMEL,0.25,HighTemp,Stage 11,0,0,2,5,8_2,2,0,Early,10
DMEL,0.25,HighTemp,Stage 12-14,0,0,2,5,8_2,2,0,Early,10
DMEL,0.25,HighTemp,Stages 1-7,4,0,2,5,8_2,2,0,Early,10
DMEL,0.25,HighTemp,Stages 8-10,0,0,2,5,8_2,2,0,Early,10
DMEL,0.25,HighTemp,Stage 11,0,0,2,6,8_2,2,0,Early,10
DMEL,0.25,HighTemp,Stage 12-14,0,0,2,6,8_2,2,0,Early,10
DMEL,0.25,HighTemp,Stages 1-7,3,0,2,6,8_2,2,0,Early,10
DMEL,0.25,HighTemp,Stages 8-10,0,0,2,6,8_2,2,0,Early,10
DMEL,0.25,HighTemp,Stages 1-7,5,0,2,7,8_2,2,0,Early,10
DMEL,0.25,HighTemp,Stages 8-10,0,0,2,7,8_2,2,0,Early,10
DMEL,0.25,HighTemp,Stage 11,0,0,2,7,8_2,2,0,Early,10
DMEL,0.25,HighTemp,Stage 12-14,0,0,2,7,8_2,2,0,Early,10
DMEL,0.25,HighTemp,Stages 1-7,5,0,2,8,8_2,2,0,Early,10
DMEL,0.25,HighTemp,Stages 8-10,0,0,2,8,8_2,2,0,Early,10
DMEL,0.25,HighTemp,Stage 11,0,0,2,8,8_2,2,0,Early,10
DMEL,0.25,HighTemp,Stage 12-14,0,0,2,8,8_2,2,0,Early,10
DMEL,0.25,HighTemp,Stages 1-7,4,0,2,9,8_2,2,0,Early,10
DMEL,0.25,HighTemp,Stages 8-10,0,0,2,9,8_2,2,0,Early,10
DMEL,0.25,HighTemp,Stage 11,0,0,2,9,8_2,2,0,Early,10
DMEL,0.25,HighTemp,Stage 12-14,0,0,2,9,8_2,2,0,Early,10
DMEL,2,HighTemp,Stage 11,0,0,2,1,7_6,3,1,Early,11
DMEL,2,HighTemp,Stage 12-14,1,1,2,1,7_6,3,1,Early,11
DMEL,2,HighTemp,Stages 1-7,5,0,2,1,7_6,3,1,Early,11
DMEL,2,HighTemp,Stages 8-10,1,0,2,1,7_6,3,1,Early,11
DMEL,2,HighTemp,Stage 11,0,0,2,2,7_6,3,1,Early,11
DMEL,2,HighTemp,Stage 12-14,2,1,2,2,7_6,3,1,Early,11
DMEL,2,HighTemp,Stages 1-7,5,0,2,2,7_6,3,1,Early,11
DMEL,2,HighTemp,Stages 8-10,1,0,2,2,7_6,3,1,Early,11
DMEL,2,HighTemp,Stage 11,0,0,2,5,7_6,3,1,Early,11
DMEL,2,HighTemp,Stage 12-14,1,1,2,5,7_6,3,1,Early,11
DMEL,2,HighTemp,Stages 1-7,3,0,2,5,7_6,3,1,Early,11
DMEL,2,HighTemp,Stages 8-10,1,0,2,5,7_6,3,1,Early,11
DMEL,2,HighTemp,Stage 11,0,0,2,6,7_6,3,1,Early,11
DMEL,2,HighTemp,Stage 12-14,2,1,2,6,7_6,3,1,Early,11
DMEL,2,HighTemp,Stages 1-7,3,0,2,6,7_6,3,1,Early,11
DMEL,2,HighTemp,Stages 8-10,1,0,2,6,7_6,3,1,Early,11
DMEL,2,HighTemp,Stages 1-7,4,0,2,7,7_6,3,1,Early,11
DMEL,2,HighTemp,Stages 8-10,0,0,2,7,7_6,3,1,Early,11
DMEL,2,HighTemp,Stage 11,0,0,2,7,7_6,3,1,Early,11
DMEL,2,HighTemp,Stage 12-14,2,1,2,7,7_6,3,1,Early,11
DMEL,2,HighTemp,Stage 11,1,0,1,1,7_1,1,0,Late,12
DMEL,2,HighTemp,Stage 12-14,0,0,1,1,7_1,1,0,Late,12
DMEL,2,HighTemp,Stages 1-7,4,0,1,1,7_1,1,0,Late,12
DMEL,2,HighTemp,Stages 8-10,0,0,1,1,7_1,1,0,Late,12
DMEL,2,HighTemp,Stage 11,1,0,1,3,7_1,1,0,Late,12
DMEL,2,HighTemp,Stage 12-14,0,0,1,3,7_1,1,0,Late,12
DMEL,2,HighTemp,Stages 1-7,4,0,1,3,7_1,1,0,Late,12
DMEL,2,HighTemp,Stages 8-10,0,0,1,3,7_1,1,0,Late,12
DMEL,2,HighTemp,Stage 11,0,0,1,4,7_1,1,0,Late,12
DMEL,2,HighTemp,Stage 12-14,0,0,1,4,7_1,1,0,Late,12
DMEL,2,HighTemp,Stages 1-7,4,0,1,4,7_1,1,0,Late,12
DMEL,2,HighTemp,Stages 8-10,1,0,1,4,7_1,1,0,Late,12
DMEL,2,HighTemp,Stage 11,0,0,1,5,7_1,1,0,Late,12
DMEL,2,HighTemp,Stage 12-14,0,0,1,5,7_1,1,0,Late,12
DMEL,2,HighTemp,Stages 1-7,4,0,1,5,7_1,1,0,Late,12
DMEL,2,HighTemp,Stages 8-10,1,0,1,5,7_1,1,0,Late,12
DMEL,2,HighTemp,Stage 11,0,0,1,6,7_1,1,0,Late,12
DMEL,2,HighTemp,Stage 12-14,0,0,1,6,7_1,1,0,Late,12
DMEL,2,HighTemp,Stages 1-7,4,0,1,6,7_1,1,0,Late,12
DMEL,2,HighTemp,Stages 8-10,0,0,1,6,7_1,1,0,Late,12
DMEL,2,HighTemp,Stages 1-7,4,0,1,7,7_1,1,0,Late,12
DMEL,2,HighTemp,Stages 8-10,0,0,1,7,7_1,1,0,Late,12
DMEL,2,HighTemp,Stage 11,1,0,1,7,7_1,1,0,Late,12
DMEL,2,HighTemp,Stage 12-14,0,0,1,7,7_1,1,0,Late,12
DMEL,2,HighTemp,Stages 1-7,4,0,1,8,7_1,1,0,Late,12
DMEL,2,HighTemp,Stages 8-10,1,0,1,8,7_1,1,0,Late,12
DMEL,2,HighTemp,Stage 11,0,0,1,8,7_1,1,0,Late,12
DMEL,2,HighTemp,Stage 12-14,0,0,1,8,7_1,1,0,Late,12
DMEL,2,HighTemp,Stages 1-7,5,0,1,9,7_1,1,0,Late,12
DMEL,2,HighTemp,Stages 8-10,0,0,1,9,7_1,1,0,Late,12
DMEL,2,HighTemp,Stage 11,0,0,1,9,7_1,1,0,Late,12
DMEL,2,HighTemp,Stage 12-14,0,0,1,9,7_1,1,0,Late,12
DMEL,2,HighTemp,Stages 1-7,4,0,1,10,7_1,1,0,Late,12
DMEL,2,HighTemp,Stages 8-10,0,0,1,10,7_1,1,0,Late,12
DMEL,2,HighTemp,Stage 11,0,0,1,10,7_1,1,0,Late,12
DMEL,2,HighTemp,Stage 12-14,0,0,1,10,7_1,1,0,Late,12
DMEL,2,HighTemp,Stage 11,1,0,1,1,7_2,2,0,Late,13
DMEL,2,HighTemp,Stage 12-14,0,0,1,1,7_2,2,0,Late,13
DMEL,2,HighTemp,Stages 1-7,3,0,1,1,7_2,2,0,Late,13
DMEL,2,HighTemp,Stages 8-10,0,0,1,1,7_2,2,0,Late,13
DMEL,2,HighTemp,Stage 11,1,0,1,2,7_2,2,0,Late,13
DMEL,2,HighTemp,Stage 12-14,0,0,1,2,7_2,2,0,Late,13
DMEL,2,HighTemp,Stages 1-7,5,0,1,2,7_2,2,0,Late,13
DMEL,2,HighTemp,Stages 8-10,0,0,1,2,7_2,2,0,Late,13
DMEL,2,HighTemp,Stage 11,1,0,1,3,7_2,2,0,Late,13
DMEL,2,HighTemp,Stage 12-14,0,0,1,3,7_2,2,0,Late,13
DMEL,2,HighTemp,Stages 1-7,4,0,1,3,7_2,2,0,Late,13
DMEL,2,HighTemp,Stages 8-10,0,0,1,3,7_2,2,0,Late,13
DMEL,2,HighTemp,Stage 11,1,0,1,4,7_2,2,0,Late,13
DMEL,2,HighTemp,Stage 12-14,0,0,1,4,7_2,2,0,Late,13
DMEL,2,HighTemp,Stages 1-7,2,0,1,4,7_2,2,0,Late,13
DMEL,2,HighTemp,Stages 8-10,0,0,1,4,7_2,2,0,Late,13
DMEL,2,HighTemp,Stage 11,0,0,1,5,7_2,2,0,Late,13
DMEL,2,HighTemp,Stage 12-14,0,0,1,5,7_2,2,0,Late,13
DMEL,2,HighTemp,Stages 1-7,5,0,1,5,7_2,2,0,Late,13
DMEL,2,HighTemp,Stages 8-10,1,0,1,5,7_2,2,0,Late,13
DMEL,2,HighTemp,Stage 11,1,0,1,6,7_2,2,0,Late,13
DMEL,2,HighTemp,Stage 12-14,1,0,1,6,7_2,2,0,Late,13
DMEL,2,HighTemp,Stages 1-7,5,0,1,6,7_2,2,0,Late,13
DMEL,2,HighTemp,Stages 8-10,0,0,1,6,7_2,2,0,Late,13
DMEL,2,HighTemp,Stages 1-7,5,0,1,7,7_2,2,0,Late,13
DMEL,2,HighTemp,Stages 8-10,1,0,1,7,7_2,2,0,Late,13
DMEL,2,HighTemp,Stage 11,0,0,1,7,7_2,2,0,Late,13
DMEL,2,HighTemp,Stage 12-14,0,0,1,7,7_2,2,0,Late,13
DMEL,2,HighTemp,Stages 1-7,5,0,1,8,7_2,2,0,Late,13
DMEL,2,HighTemp,Stages 8-10,1,0,1,8,7_2,2,0,Late,13
DMEL,2,HighTemp,Stage 11,0,0,1,8,7_2,2,0,Late,13
DMEL,2,HighTemp,Stage 12-14,0,0,1,8,7_2,2,0,Late,13
DMEL,2,HighTemp,Stages 1-7,4,0,1,9,7_2,2,0,Late,13
DMEL,2,HighTemp,Stages 8-10,0,0,1,9,7_2,2,0,Late,13
DMEL,2,HighTemp,Stage 11,1,0,1,9,7_2,2,0,Late,13
DMEL,2,HighTemp,Stage 12-14,0,0,1,9,7_2,2,0,Late,13
DMEL,2,HighTemp,Stage 11,0,0,1,3,7_5,3,0,Late,14
DMEL,2,HighTemp,Stage 12-14,1,0,1,3,7_5,3,0,Late,14
DMEL,2,HighTemp,Stages 1-7,6,0,1,3,7_5,3,0,Late,14
DMEL,2,HighTemp,Stages 8-10,0,0,1,3,7_5,3,0,Late,14
DMEL,2,HighTemp,Stage 11,0,0,1,5,7_5,3,0,Late,14
DMEL,2,HighTemp,Stage 12-14,1,0,1,5,7_5,3,0,Late,14
DMEL,2,HighTemp,Stages 1-7,4,0,1,5,7_5,3,0,Late,14
DMEL,2,HighTemp,Stages 8-10,1,0,1,5,7_5,3,0,Late,14
DMEL,2,HighTemp,Stages 1-7,4,0,1,7,7_5,3,0,Late,14
DMEL,2,HighTemp,Stages 8-10,0,0,1,7,7_5,3,0,Late,14
DMEL,2,HighTemp,Stage 11,0,0,1,7,7_5,3,0,Late,14
DMEL,2,HighTemp,Stage 12-14,0,0,1,7,7_5,3,0,Late,14
DMEL,2,HighTemp,Stage 11,1,0,2,2,7_1,1,0,Late,15
DMEL,2,HighTemp,Stage 12-14,0,0,2,2,7_1,1,0,Late,15
DMEL,2,HighTemp,Stages 1-7,3,0,2,2,7_1,1,0,Late,15
DMEL,2,HighTemp,Stages 8-10,0,0,2,2,7_1,1,0,Late,15
DMEL,2,HighTemp,Stage 11,0,0,2,3,7_1,1,0,Late,15
DMEL,2,HighTemp,Stage 12-14,1,0,2,3,7_1,1,0,Late,15
DMEL,2,HighTemp,Stages 1-7,3,0,2,3,7_1,1,0,Late,15
DMEL,2,HighTemp,Stages 8-10,1,0,2,3,7_1,1,0,Late,15
DMEL,2,HighTemp,Stage 11,0,0,2,4,7_1,1,0,Late,15
DMEL,2,HighTemp,Stage 12-14,1,0,2,4,7_1,1,0,Late,15
DMEL,2,HighTemp,Stages 1-7,2,0,2,4,7_1,1,0,Late,15
DMEL,2,HighTemp,Stages 8-10,1,0,2,4,7_1,1,0,Late,15
DMEL,2,HighTemp,Stage 11,0,0,2,6,7_1,1,0,Late,15
DMEL,2,HighTemp,Stage 12-14,0,0,2,6,7_1,1,0,Late,15
DMEL,2,HighTemp,Stages 1-7,4,0,2,6,7_1,1,0,Late,15
DMEL,2,HighTemp,Stages 8-10,0,0,2,6,7_1,1,0,Late,15
DMEL,2,HighTemp,Stages 1-7,3,0,2,7,7_1,1,0,Late,15
DMEL,2,HighTemp,Stages 8-10,1,0,2,7,7_1,1,0,Late,15
DMEL,2,HighTemp,Stage 11,0,0,2,7,7_1,1,0,Late,15
DMEL,2,HighTemp,Stage 12-14,1,0,2,7,7_1,1,0,Late,15
DMEL,2,HighTemp,Stages 1-7,3,0,2,8,7_1,1,0,Late,15
DMEL,2,HighTemp,Stages 8-10,0,0,2,8,7_1,1,0,Late,15
DMEL,2,HighTemp,Stage 11,1,0,2,8,7_1,1,0,Late,15
DMEL,2,HighTemp,Stage 12-14,0,0,2,8,7_1,1,0,Late,15
DMEL,2,HighTemp,Stages 1-7,4,0,2,9,7_1,1,0,Late,15
DMEL,2,HighTemp,Stages 8-10,0,0,2,9,7_1,1,0,Late,15
DMEL,2,HighTemp,Stage 11,0,0,2,9,7_1,1,0,Late,15
DMEL,2,HighTemp,Stage 12-14,1,0,2,9,7_1,1,0,Late,15
DMEL,2,HighTemp,Stages 1-7,3,0,2,10,7_1,1,0,Late,15
DMEL,2,HighTemp,Stages 8-10,1,0,2,10,7_1,1,0,Late,15
DMEL,2,HighTemp,Stage 11,0,0,2,10,7_1,1,0,Late,15
DMEL,2,HighTemp,Stage 12-14,0,0,2,10,7_1,1,0,Late,15
DMEL,2,HighTemp,Stage 11,1,0,2,1,7_2,2,0,Late,16
DMEL,2,HighTemp,Stage 12-14,0,0,2,1,7_2,2,0,Late,16
DMEL,2,HighTemp,Stages 1-7,6,0,2,1,7_2,2,0,Late,16
DMEL,2,HighTemp,Stages 8-10,0,0,2,1,7_2,2,0,Late,16
DMEL,2,HighTemp,Stage 11,1,0,2,2,7_2,2,0,Late,16
DMEL,2,HighTemp,Stage 12-14,1,0,2,2,7_2,2,0,Late,16
DMEL,2,HighTemp,Stages 1-7,4,0,2,2,7_2,2,0,Late,16
DMEL,2,HighTemp,Stages 8-10,0,0,2,2,7_2,2,0,Late,16
DMEL,2,HighTemp,Stage 11,0,0,2,3,7_2,2,0,Late,16
DMEL,2,HighTemp,Stage 12-14,0,0,2,3,7_2,2,0,Late,16
DMEL,2,HighTemp,Stages 1-7,5,0,2,3,7_2,2,0,Late,16
DMEL,2,HighTemp,Stages 8-10,1,0,2,3,7_2,2,0,Late,16
DMEL,2,HighTemp,Stage 11,0,0,2,4,7_2,2,0,Late,16
DMEL,2,HighTemp,Stage 12-14,0,0,2,4,7_2,2,0,Late,16
DMEL,2,HighTemp,Stages 1-7,5,0,2,4,7_2,2,0,Late,16
DMEL,2,HighTemp,Stages 8-10,1,0,2,4,7_2,2,0,Late,16
DMEL,2,HighTemp,Stage 11,1,0,2,5,7_2,2,0,Late,16
DMEL,2,HighTemp,Stage 12-14,1,0,2,5,7_2,2,0,Late,16
DMEL,2,HighTemp,Stages 1-7,4,0,2,5,7_2,2,0,Late,16
DMEL,2,HighTemp,Stages 8-10,0,0,2,5,7_2,2,0,Late,16
DMEL,2,HighTemp,Stage 11,1,0,2,6,7_2,2,0,Late,16
DMEL,2,HighTemp,Stage 12-14,0,0,2,6,7_2,2,0,Late,16
DMEL,2,HighTemp,Stages 1-7,6,0,2,6,7_2,2,0,Late,16
DMEL,2,HighTemp,Stages 8-10,0,0,2,6,7_2,2,0,Late,16
DMEL,2,HighTemp,Stage 11,0,0,2,3,7_6,3,0,Late,17
DMEL,2,HighTemp,Stage 12-14,1,0,2,3,7_6,3,0,Late,17
DMEL,2,HighTemp,Stages 1-7,3,0,2,3,7_6,3,0,Late,17
DMEL,2,HighTemp,Stages 8-10,1,0,2,3,7_6,3,0,Late,17
DMEL,2,HighTemp,Stage 11,1,0,2,4,7_6,3,0,Late,17
DMEL,2,HighTemp,Stage 12-14,1,0,2,4,7_6,3,0,Late,17
DMEL,2,HighTemp,Stages 1-7,3,0,2,4,7_6,3,0,Late,17
DMEL,2,HighTemp,Stages 8-10,1,0,2,4,7_6,3,0,Late,17
DPSE,2,Control,Stage 11,0,0,1,2,4_4,1,0,Early,18
DPSE,2,Control,Stage 12-14,0,0,1,2,4_4,1,0,Early,18
DPSE,2,Control,Stages 1-7,5,0,1,2,4_4,1,0,Early,18
DPSE,2,Control,Stages 8-10,0,0,1,2,4_4,1,0,Early,18
DPSE,2,Control,Stage 11,0,0,1,3,4_4,1,0,Early,18
DPSE,2,Control,Stage 12-14,0,0,1,3,4_4,1,0,Early,18
DPSE,2,Control,Stages 1-7,6,0,1,3,4_4,1,0,Early,18
DPSE,2,Control,Stages 8-10,0,0,1,3,4_4,1,0,Early,18
DPSE,2,Control,Stage 11,0,0,1,4,4_4,1,0,Early,18
DPSE,2,Control,Stage 12-14,0,0,1,4,4_4,1,0,Early,18
DPSE,2,Control,Stages 1-7,4,0,1,4,4_4,1,0,Early,18
DPSE,2,Control,Stages 8-10,0,0,1,4,4_4,1,0,Early,18
DPSE,2,Control,Stage 11,0,0,1,6,4_4,1,0,Early,18
DPSE,2,Control,Stage 12-14,0,0,1,6,4_4,1,0,Early,18
DPSE,2,Control,Stages 1-7,5,0,1,6,4_4,1,0,Early,18
DPSE,2,Control,Stages 8-10,0,0,1,6,4_4,1,0,Early,18
DPSE,2,Control,Stages 1-7,4,0,1,7,4_4,1,0,Early,18
DPSE,2,Control,Stages 8-10,0,0,1,7,4_4,1,0,Early,18
DPSE,2,Control,Stage 11,0,0,1,7,4_4,1,0,Early,18
DPSE,2,Control,Stage 12-14,0,0,1,7,4_4,1,0,Early,18
DPSE,2,Control,Stages 1-7,6,0,1,10,4_4,1,0,Early,18
DPSE,2,Control,Stages 8-10,0,0,1,10,4_4,1,0,Early,18
DPSE,2,Control,Stage 11,0,0,1,10,4_4,1,0,Early,18
DPSE,2,Control,Stage 12-14,0,0,1,10,4_4,1,0,Early,18
DPSE,2,Control,Stages 1-7,6,0,1,11,4_4,1,0,Early,18
DPSE,2,Control,Stages 8-10,0,0,1,11,4_4,1,0,Early,18
DPSE,2,Control,Stage 11,0,0,1,11,4_4,1,0,Early,18
DPSE,2,Control,Stage 12-14,0,0,1,11,4_4,1,0,Early,18
DPSE,2,Control,Stages 1-7,6,0,1,12,4_4,1,0,Early,18
DPSE,2,Control,Stages 8-10,0,0,1,12,4_4,1,0,Early,18
DPSE,2,Control,Stage 11,0,0,1,12,4_4,1,0,Early,18
DPSE,2,Control,Stage 12-14,0,0,1,12,4_4,1,0,Early,18
DPSE,2,Control,Stages 1-7,5,0,1,13,4_4,1,0,Early,18
DPSE,2,Control,Stages 8-10,0,0,1,13,4_4,1,0,Early,18
DPSE,2,Control,Stage 11,0,0,1,13,4_4,1,0,Early,18
DPSE,2,Control,Stage 12-14,0,0,1,13,4_4,1,0,Early,18
DPSE,2,Control,Stage 11,0,0,1,1,4_4,1,1,Early,18
DPSE,2,Control,Stage 12-14,0,0,1,1,4_4,1,1,Early,18
DPSE,2,Control,Stages 1-7,6,1,1,1,4_4,1,1,Early,18
DPSE,2,Control,Stages 8-10,0,0,1,1,4_4,1,1,Early,18
DPSE,2,Control,Stage 11,0,0,1,5,4_4,1,1,Early,18
DPSE,2,Control,Stage 12-14,0,0,1,5,4_4,1,1,Early,18
DPSE,2,Control,Stages 1-7,7,1,1,5,4_4,1,1,Early,18
DPSE,2,Control,Stages 8-10,0,0,1,5,4_4,1,1,Early,18
DPSE,2,Control,Stages 1-7,7,1,1,8,4_4,1,1,Early,18
DPSE,2,Control,Stages 8-10,0,0,1,8,4_4,1,1,Early,18
DPSE,2,Control,Stage 11,0,0,1,8,4_4,1,1,Early,18
DPSE,2,Control,Stage 12-14,0,0,1,8,4_4,1,1,Early,18
DPSE,2,Control,Stages 1-7,6,1,1,9,4_4,1,1,Early,18
DPSE,2,Control,Stages 8-10,0,0,1,9,4_4,1,1,Early,18
DPSE,2,Control,Stage 11,0,0,1,9,4_4,1,1,Early,18
DPSE,2,Control,Stage 12-14,0,0,1,9,4_4,1,1,Early,18
DPSE,2,Control,Stage 11,0,0,1,1,4_5,2,0,Early,19
DPSE,2,Control,Stage 12-14,0,0,1,1,4_5,2,0,Early,19
DPSE,2,Control,Stages 1-7,4,0,1,1,4_5,2,0,Early,19
DPSE,2,Control,Stages 8-10,0,0,1,1,4_5,2,0,Early,19
DPSE,2,Control,Stage 11,0,0,1,2,4_5,2,0,Early,19
DPSE,2,Control,Stage 12-14,0,0,1,2,4_5,2,0,Early,19
DPSE,2,Control,Stages 1-7,5,0,1,2,4_5,2,0,Early,19
DPSE,2,Control,Stages 8-10,0,0,1,2,4_5,2,0,Early,19
DPSE,2,Control,Stage 11,0,0,1,3,4_5,2,0,Early,19
DPSE,2,Control,Stage 12-14,0,0,1,3,4_5,2,0,Early,19
DPSE,2,Control,Stages 1-7,4,0,1,3,4_5,2,0,Early,19
DPSE,2,Control,Stages 8-10,0,0,1,3,4_5,2,0,Early,19
DPSE,2,Control,Stage 11,0,0,1,4,4_5,2,0,Early,19
DPSE,2,Control,Stage 12-14,0,0,1,4,4_5,2,0,Early,19
DPSE,2,Control,Stages 1-7,3,0,1,4,4_5,2,0,Early,19
DPSE,2,Control,Stages 8-10,0,0,1,4,4_5,2,0,Early,19
DPSE,2,Control,Stage 11,0,0,1,5,4_5,2,0,Early,19
DPSE,2,Control,Stage 12-14,0,0,1,5,4_5,2,0,Early,19
DPSE,2,Control,Stages 1-7,5,0,1,5,4_5,2,0,Early,19
DPSE,2,Control,Stages 8-10,0,0,1,5,4_5,2,0,Early,19
DPSE,2,Control,Stage 11,0,0,1,6,4_5,2,0,Early,19
DPSE,2,Control,Stage 12-14,0,0,1,6,4_5,2,0,Early,19
DPSE,2,Control,Stages 1-7,4,0,1,6,4_5,2,0,Early,19
DPSE,2,Control,Stages 8-10,0,0,1,6,4_5,2,0,Early,19
DPSE,2,Control,Stages 1-7,3,0,1,7,4_5,2,0,Early,19
DPSE,2,Control,Stages 8-10,0,0,1,7,4_5,2,0,Early,19
DPSE,2,Control,Stage 11,0,0,1,7,4_5,2,0,Early,19
DPSE,2,Control,Stage 12-14,0,0,1,7,4_5,2,0,Early,19
DPSE,2,Control,Stages 1-7,5,0,1,8,4_5,2,0,Early,19
DPSE,2,Control,Stages 8-10,0,0,1,8,4_5,2,0,Early,19
DPSE,2,Control,Stage 11,0,0,1,8,4_5,2,0,Early,19
DPSE,2,Control,Stage 12-14,0,0,1,8,4_5,2,0,Early,19
DPSE,2,Control,Stages 1-7,6,0,1,9,4_5,2,0,Early,19
DPSE,2,Control,Stages 8-10,0,0,1,9,4_5,2,0,Early,19
DPSE,2,Control,Stage 11,0,0,1,9,4_5,2,0,Early,19
DPSE,2,Control,Stage 12-14,0,0,1,9,4_5,2,0,Early,19
DPSE,2,Control,Stages 1-7,3,0,1,10,4_5,2,0,Early,19
DPSE,2,Control,Stages 8-10,0,0,1,10,4_5,2,0,Early,19
DPSE,2,Control,Stage 11,0,0,1,10,4_5,2,0,Early,19
DPSE,2,Control,Stage 12-14,0,0,1,10,4_5,2,0,Early,19
DPSE,2,Control,Stages 1-7,4,0,1,11,4_5,2,0,Early,19
DPSE,2,Control,Stages 8-10,0,0,1,11,4_5,2,0,Early,19
DPSE,2,Control,Stage 11,0,0,1,11,4_5,2,0,Early,19
DPSE,2,Control,Stage 12-14,0,0,1,11,4_5,2,0,Early,19
DPSE,2,Control,Stages 1-7,3,0,1,12,4_5,2,0,Early,19
DPSE,2,Control,Stages 8-10,0,0,1,12,4_5,2,0,Early,19
DPSE,2,Control,Stage 11,0,0,1,12,4_5,2,0,Early,19
DPSE,2,Control,Stage 12-14,0,0,1,12,4_5,2,0,Early,19
DPSE,2,Control,Stages 1-7,5,0,1,13,4_5,2,0,Early,19
DPSE,2,Control,Stages 8-10,0,0,1,13,4_5,2,0,Early,19
DPSE,2,Control,Stage 11,0,0,1,13,4_5,2,0,Early,19
DPSE,2,Control,Stage 12-14,0,0,1,13,4_5,2,0,Early,19
DPSE,2,Control,Stages 1-7,4,0,1,14,4_5,2,0,Early,19
DPSE,2,Control,Stages 8-10,0,0,1,14,4_5,2,0,Early,19
DPSE,2,Control,Stage 11,0,0,1,14,4_5,2,0,Early,19
DPSE,2,Control,Stage 12-14,0,0,1,14,4_5,2,0,Early,19
DPSE,2,Control,Stages 1-7,4,0,1,15,4_5,2,0,Early,19
DPSE,2,Control,Stages 8-10,0,0,1,15,4_5,2,0,Early,19
DPSE,2,Control,Stage 11,0,0,1,15,4_5,2,0,Early,19
DPSE,2,Control,Stage 12-14,0,0,1,15,4_5,2,0,Early,19
DPSE,2,Control,Stages 1-7,5,0,1,16,4_5,2,0,Early,19
DPSE,2,Control,Stages 8-10,0,0,1,16,4_5,2,0,Early,19
DPSE,2,Control,Stage 11,0,0,1,16,4_5,2,0,Early,19
DPSE,2,Control,Stage 12-14,0,0,1,16,4_5,2,0,Early,19
DPSE,2,Control,Stages 1-7,3,0,1,17,4_5,2,0,Early,19
DPSE,2,Control,Stages 8-10,0,0,1,17,4_5,2,0,Early,19
DPSE,2,Control,Stage 11,0,0,1,17,4_5,2,0,Early,19
DPSE,2,Control,Stage 12-14,0,0,1,17,4_5,2,0,Early,19
DPSE,2,Control,Stages 1-7,5,0,1,18,4_5,2,0,Early,19
DPSE,2,Control,Stages 8-10,0,0,1,18,4_5,2,0,Early,19
DPSE,2,Control,Stage 11,0,0,1,18,4_5,2,0,Early,19
DPSE,2,Control,Stage 12-14,0,0,1,18,4_5,2,0,Early,19
DPSE,2,Control,Stages 1-7,3,0,1,19,4_5,2,0,Early,19
DPSE,2,Control,Stages 8-10,0,0,1,19,4_5,2,0,Early,19
DPSE,2,Control,Stage 11,0,0,1,19,4_5,2,0,Early,19
DPSE,2,Control,Stage 12-14,0,0,1,19,4_5,2,0,Early,19
DPSE,2,Control,Stages 1-7,5,0,1,20,4_5,2,0,Early,19
DPSE,2,Control,Stages 8-10,0,0,1,20,4_5,2,0,Early,19
DPSE,2,Control,Stage 11,0,0,1,20,4_5,2,0,Early,19
DPSE,2,Control,Stage 12-14,0,0,1,20,4_5,2,0,Early,19
DPSE,2,Control,Stages 1-7,4,0,1,21,4_5,2,0,Early,19
DPSE,2,Control,Stages 8-10,0,0,1,21,4_5,2,0,Early,19
DPSE,2,Control,Stage 11,0,0,1,21,4_5,2,0,Early,19
DPSE,2,Control,Stage 12-14,0,0,1,21,4_5,2,0,Early,19
DPSE,2,Control,Stages 1-7,4,0,1,22,4_5,2,0,Early,19
DPSE,2,Control,Stages 8-10,0,0,1,22,4_5,2,0,Early,19
DPSE,2,Control,Stage 11,0,0,1,22,4_5,2,0,Early,19
DPSE,2,Control,Stage 12-14,0,0,1,22,4_5,2,0,Early,19
DPSE,2,Control,Stages 1-7,2,0,1,23,4_5,2,0,Early,19
DPSE,2,Control,Stages 8-10,0,0,1,23,4_5,2,0,Early,19
DPSE,2,Control,Stage 11,0,0,1,23,4_5,2,0,Early,19
DPSE,2,Control,Stage 12-14,0,0,1,23,4_5,2,0,Early,19
DPSE,2,Control,Stages 1-7,2,0,1,24,4_5,2,0,Early,19
DPSE,2,Control,Stages 8-10,0,0,1,24,4_5,2,0,Early,19
DPSE,2,Control,Stage 11,0,0,1,24,4_5,2,0,Early,19
DPSE,2,Control,Stage 12-14,0,0,1,24,4_5,2,0,Early,19
DPSE,2,Control,Stages 1-7,3,0,1,25,4_5,2,0,Early,19
DPSE,2,Control,Stages 8-10,0,0,1,25,4_5,2,0,Early,19
DPSE,2,Control,Stage 11,0,0,1,25,4_5,2,0,Early,19
DPSE,2,Control,Stage 12-14,0,0,1,25,4_5,2,0,Early,19
DPSE,2,Control,Stages 1-7,5,0,1,26,4_5,2,0,Early,19
DPSE,2,Control,Stages 8-10,0,0,1,26,4_5,2,0,Early,19
DPSE,2,Control,Stage 11,0,0,1,26,4_5,2,0,Early,19
DPSE,2,Control,Stage 12-14,0,0,1,26,4_5,2,0,Early,19
DPSE,2,Control,Stages 1-7,5,0,1,27,4_5,2,0,Early,19
DPSE,2,Control,Stages 8-10,0,0,1,27,4_5,2,0,Early,19
DPSE,2,Control,Stage 11,0,0,1,27,4_5,2,0,Early,19
DPSE,2,Control,Stage 12-14,0,0,1,27,4_5,2,0,Early,19
DPSE,2,Control,Stages 1-7,5,0,1,28,4_5,2,0,Early,19
DPSE,2,Control,Stages 8-10,0,0,1,28,4_5,2,0,Early,19
DPSE,2,Control,Stage 11,0,0,1,28,4_5,2,0,Early,19
DPSE,2,Control,Stage 12-14,0,0,1,28,4_5,2,0,Early,19
DPSE,2,Control,Stages 1-7,6,0,1,29,4_5,2,0,Early,19
DPSE,2,Control,Stages 8-10,0,0,1,29,4_5,2,0,Early,19
DPSE,2,Control,Stage 11,0,0,1,29,4_5,2,0,Early,19
DPSE,2,Control,Stage 12-14,0,0,1,29,4_5,2,0,Early,19
DPSE,2,Control,Stages 1-7,5,0,1,30,4_5,2,0,Early,19
DPSE,2,Control,Stages 8-10,0,0,1,30,4_5,2,0,Early,19
DPSE,2,Control,Stage 11,0,0,1,30,4_5,2,0,Early,19
DPSE,2,Control,Stage 12-14,0,0,1,30,4_5,2,0,Early,19
DPSE,2,Control,Stage 11,0,0,1,1,4_1,3,0,Early,20
DPSE,2,Control,Stage 12-14,0,0,1,1,4_1,3,0,Early,20
DPSE,2,Control,Stages 1-7,4,0,1,1,4_1,3,0,Early,20
DPSE,2,Control,Stages 8-10,0,0,1,1,4_1,3,0,Early,20
DPSE,2,Control,Stage 11,0,0,1,2,4_1,3,0,Early,20
DPSE,2,Control,Stage 12-14,0,0,1,2,4_1,3,0,Early,20
DPSE,2,Control,Stages 1-7,6,0,1,2,4_1,3,0,Early,20
DPSE,2,Control,Stages 8-10,0,0,1,2,4_1,3,0,Early,20
DPSE,2,Control,Stage 11,0,0,1,3,4_1,3,0,Early,20
DPSE,2,Control,Stage 12-14,0,0,1,3,4_1,3,0,Early,20
DPSE,2,Control,Stages 1-7,3,0,1,3,4_1,3,0,Early,20
DPSE,2,Control,Stages 8-10,0,0,1,3,4_1,3,0,Early,20
DPSE,2,Control,Stage 11,0,0,1,4,4_1,3,0,Early,20
DPSE,2,Control,Stage 12-14,0,0,1,4,4_1,3,0,Early,20
DPSE,2,Control,Stages 1-7,2,0,1,4,4_1,3,0,Early,20
DPSE,2,Control,Stages 8-10,0,0,1,4,4_1,3,0,Early,20
DPSE,2,Control,Stage 11,0,0,1,5,4_1,3,0,Early,20
DPSE,2,Control,Stage 12-14,0,0,1,5,4_1,3,0,Early,20
DPSE,2,Control,Stages 1-7,4,0,1,5,4_1,3,0,Early,20
DPSE,2,Control,Stages 8-10,0,0,1,5,4_1,3,0,Early,20
DPSE,2,Control,Stage 11,0,0,1,6,4_1,3,0,Early,20
DPSE,2,Control,Stage 12-14,0,0,1,6,4_1,3,0,Early,20
DPSE,2,Control,Stages 1-7,3,0,1,6,4_1,3,0,Early,20
DPSE,2,Control,Stages 8-10,0,0,1,6,4_1,3,0,Early,20
DPSE,2,Control,Stages 1-7,4,0,1,7,4_1,3,0,Early,20
DPSE,2,Control,Stages 8-10,0,0,1,7,4_1,3,0,Early,20
DPSE,2,Control,Stage 11,0,0,1,7,4_1,3,0,Early,20
DPSE,2,Control,Stage 12-14,0,0,1,7,4_1,3,0,Early,20
DPSE,2,Control,Stages 1-7,5,0,1,8,4_1,3,0,Early,20
DPSE,2,Control,Stages 8-10,0,0,1,8,4_1,3,0,Early,20
DPSE,2,Control,Stage 11,0,0,1,8,4_1,3,0,Early,20
DPSE,2,Control,Stage 12-14,0,0,1,8,4_1,3,0,Early,20
DPSE,2,Control,Stages 1-7,3,0,1,9,4_1,3,0,Early,20
DPSE,2,Control,Stages 8-10,0,0,1,9,4_1,3,0,Early,20
DPSE,2,Control,Stage 11,0,0,1,9,4_1,3,0,Early,20
DPSE,2,Control,Stage 12-14,0,0,1,9,4_1,3,0,Early,20
DPSE,2,Control,Stages 1-7,2,0,1,10,4_1,3,0,Early,20
DPSE,2,Control,Stages 8-10,0,0,1,10,4_1,3,0,Early,20
DPSE,2,Control,Stage 11,0,0,1,10,4_1,3,0,Early,20
DPSE,2,Control,Stage 12-14,0,0,1,10,4_1,3,0,Early,20
DPSE,2,Control,Stages 1-7,5,0,1,11,4_1,3,0,Early,20
DPSE,2,Control,Stages 8-10,0,0,1,11,4_1,3,0,Early,20
DPSE,2,Control,Stage 11,0,0,1,11,4_1,3,0,Early,20
DPSE,2,Control,Stage 12-14,0,0,1,11,4_1,3,0,Early,20
DPSE,2,Control,Stages 1-7,2,0,1,12,4_1,3,0,Early,20
DPSE,2,Control,Stages 8-10,0,0,1,12,4_1,3,0,Early,20
DPSE,2,Control,Stage 11,0,0,1,12,4_1,3,0,Early,20
DPSE,2,Control,Stage 12-14,0,0,1,12,4_1,3,0,Early,20
DPSE,2,Control,Stages 1-7,4,0,1,13,4_1,3,0,Early,20
DPSE,2,Control,Stages 8-10,0,0,1,13,4_1,3,0,Early,20
DPSE,2,Control,Stage 11,0,0,1,13,4_1,3,0,Early,20
DPSE,2,Control,Stage 12-14,0,0,1,13,4_1,3,0,Early,20
DPSE,2,Control,Stages 1-7,5,0,1,14,4_1,3,0,Early,20
DPSE,2,Control,Stages 8-10,0,0,1,14,4_1,3,0,Early,20
DPSE,2,Control,Stage 11,0,0,1,14,4_1,3,0,Early,20
DPSE,2,Control,Stage 12-14,0,0,1,14,4_1,3,0,Early,20
DPSE,2,Control,Stage 11,0,0,1,1,4_3,4,0,Early,21
DPSE,2,Control,Stage 12-14,0,0,1,1,4_3,4,0,Early,21
DPSE,2,Control,Stages 1-7,6,0,1,1,4_3,4,0,Early,21
DPSE,2,Control,Stages 8-10,0,0,1,1,4_3,4,0,Early,21
DPSE,2,Control,Stage 11,0,0,1,2,4_3,4,0,Early,21
DPSE,2,Control,Stage 12-14,0,0,1,2,4_3,4,0,Early,21
DPSE,2,Control,Stages 1-7,5,0,1,2,4_3,4,0,Early,21
DPSE,2,Control,Stages 8-10,0,0,1,2,4_3,4,0,Early,21
DPSE,2,Control,Stage 11,0,0,1,3,4_3,4,0,Early,21
DPSE,2,Control,Stage 12-14,0,0,1,3,4_3,4,0,Early,21
DPSE,2,Control,Stages 1-7,4,0,1,3,4_3,4,0,Early,21
DPSE,2,Control,Stages 8-10,0,0,1,3,4_3,4,0,Early,21
DPSE,2,Control,Stage 11,0,0,1,4,4_3,4,0,Early,21
DPSE,2,Control,Stage 12-14,0,0,1,4,4_3,4,0,Early,21
DPSE,2,Control,Stages 1-7,6,0,1,4,4_3,4,0,Early,21
DPSE,2,Control,Stages 8-10,0,0,1,4,4_3,4,0,Early,21
DPSE,2,Control,Stage 11,0,0,1,5,4_3,4,0,Early,21
DPSE,2,Control,Stage 12-14,0,0,1,5,4_3,4,0,Early,21
DPSE,2,Control,Stages 1-7,3,0,1,5,4_3,4,0,Early,21
DPSE,2,Control,Stages 8-10,0,0,1,5,4_3,4,0,Early,21
DPSE,2,Control,Stage 11,0,0,1,6,4_3,4,0,Early,21
DPSE,2,Control,Stage 12-14,0,0,1,6,4_3,4,0,Early,21
DPSE,2,Control,Stages 1-7,5,0,1,6,4_3,4,0,Early,21
DPSE,2,Control,Stages 8-10,0,0,1,6,4_3,4,0,Early,21
DPSE,2,Control,Stages 1-7,2,0,1,7,4_3,4,0,Early,21
DPSE,2,Control,Stages 8-10,0,0,1,7,4_3,4,0,Early,21
DPSE,2,Control,Stage 11,0,0,1,7,4_3,4,0,Early,21
DPSE,2,Control,Stage 12-14,0,0,1,7,4_3,4,0,Early,21
DPSE,2,Control,Stages 1-7,4,0,1,8,4_3,4,0,Early,21
DPSE,2,Control,Stages 8-10,0,0,1,8,4_3,4,0,Early,21
DPSE,2,Control,Stage 11,0,0,1,8,4_3,4,0,Early,21
DPSE,2,Control,Stage 12-14,0,0,1,8,4_3,4,0,Early,21
DPSE,2,Control,Stages 1-7,5,0,1,9,4_3,4,0,Early,21
DPSE,2,Control,Stages 8-10,0,0,1,9,4_3,4,0,Early,21
DPSE,2,Control,Stage 11,0,0,1,9,4_3,4,0,Early,21
DPSE,2,Control,Stage 12-14,0,0,1,9,4_3,4,0,Early,21
DPSE,2,Control,Stages 1-7,5,0,1,10,4_3,4,0,Early,21
DPSE,2,Control,Stages 8-10,0,0,1,10,4_3,4,0,Early,21
DPSE,2,Control,Stage 11,0,0,1,10,4_3,4,0,Early,21
DPSE,2,Control,Stage 12-14,0,0,1,10,4_3,4,0,Early,21
DPSE,2,Control,Stages 1-7,5,0,1,11,4_3,4,0,Early,21
DPSE,2,Control,Stages 8-10,0,0,1,11,4_3,4,0,Early,21
DPSE,2,Control,Stage 11,0,0,1,11,4_3,4,0,Early,21
DPSE,2,Control,Stage 12-14,0,0,1,11,4_3,4,0,Early,21
DPSE,2,Control,Stages 1-7,6,0,1,12,4_3,4,0,Early,21
DPSE,2,Control,Stages 8-10,0,0,1,12,4_3,4,0,Early,21
DPSE,2,Control,Stage 11,0,0,1,12,4_3,4,0,Early,21
DPSE,2,Control,Stage 12-14,0,0,1,12,4_3,4,0,Early,21
DPSE,2,Control,Stages 1-7,4,0,1,13,4_3,4,0,Early,21
DPSE,2,Control,Stages 8-10,0,0,1,13,4_3,4,0,Early,21
DPSE,2,Control,Stage 11,0,0,1,13,4_3,4,0,Early,21
DPSE,2,Control,Stage 12-14,0,0,1,13,4_3,4,0,Early,21
DPSE,2,Control,Stages 1-7,3,0,1,14,4_3,4,0,Early,21
DPSE,2,Control,Stages 8-10,0,0,1,14,4_3,4,0,Early,21
DPSE,2,Control,Stage 11,0,0,1,14,4_3,4,0,Early,21
DPSE,2,Control,Stage 12-14,0,0,1,14,4_3,4,0,Early,21
DPSE,2,Control,Stage 11,0,0,1,15,4_3,4,0,Early,21
DPSE,2,Control,Stage 12-14,0,0,1,15,4_3,4,0,Early,21
DPSE,2,Control,Stages 1-7,3,0,1,15,4_3,4,0,Early,21
DPSE,2,Control,Stages 8-10,0,0,1,15,4_3,4,0,Early,21
DPSE,2,Control,Stage 11,0,0,2,2,4_4,1,0,Early,22
DPSE,2,Control,Stage 12-14,0,0,2,2,4_4,1,0,Early,22
DPSE,2,Control,Stages 1-7,6,0,2,2,4_4,1,0,Early,22
DPSE,2,Control,Stages 8-10,0,0,2,2,4_4,1,0,Early,22
DPSE,2,Control,Stage 11,0,0,2,3,4_4,1,0,Early,22
DPSE,2,Control,Stage 12-14,0,0,2,3,4_4,1,0,Early,22
DPSE,2,Control,Stages 1-7,5,0,2,3,4_4,1,0,Early,22
DPSE,2,Control,Stages 8-10,0,0,2,3,4_4,1,0,Early,22
DPSE,2,Control,Stage 11,0,0,2,5,4_4,1,0,Early,22
DPSE,2,Control,Stage 12-14,0,0,2,5,4_4,1,0,Early,22
DPSE,2,Control,Stages 1-7,4,0,2,5,4_4,1,0,Early,22
DPSE,2,Control,Stages 8-10,0,0,2,5,4_4,1,0,Early,22
DPSE,2,Control,Stage 11,0,0,2,6,4_4,1,0,Early,22
DPSE,2,Control,Stage 12-14,0,0,2,6,4_4,1,0,Early,22
DPSE,2,Control,Stages 1-7,5,0,2,6,4_4,1,0,Early,22
DPSE,2,Control,Stages 8-10,0,0,2,6,4_4,1,0,Early,22
DPSE,2,Control,Stages 1-7,6,0,2,7,4_4,1,0,Early,22
DPSE,2,Control,Stages 8-10,0,0,2,7,4_4,1,0,Early,22
DPSE,2,Control,Stage 11,0,0,2,7,4_4,1,0,Early,22
DPSE,2,Control,Stage 12-14,0,0,2,7,4_4,1,0,Early,22
DPSE,2,Control,Stages 1-7,4,0,2,8,4_4,1,0,Early,22
DPSE,2,Control,Stages 8-10,0,0,2,8,4_4,1,0,Early,22
DPSE,2,Control,Stage 11,0,0,2,8,4_4,1,0,Early,22
DPSE,2,Control,Stage 12-14,0,0,2,8,4_4,1,0,Early,22
DPSE,2,Control,Stages 1-7,5,0,2,9,4_4,1,0,Early,22
DPSE,2,Control,Stages 8-10,0,0,2,9,4_4,1,0,Early,22
DPSE,2,Control,Stage 11,0,0,2,9,4_4,1,0,Early,22
DPSE,2,Control,Stage 12-14,0,0,2,9,4_4,1,0,Early,22
DPSE,2,Control,Stages 1-7,6,0,2,10,4_4,1,0,Early,22
DPSE,2,Control,Stages 8-10,0,0,2,10,4_4,1,0,Early,22
DPSE,2,Control,Stage 11,0,0,2,10,4_4,1,0,Early,22
DPSE,2,Control,Stage 12-14,0,0,2,10,4_4,1,0,Early,22
DPSE,2,Control,Stages 1-7,7,0,2,11,4_4,1,0,Early,22
DPSE,2,Control,Stages 8-10,0,0,2,11,4_4,1,0,Early,22
DPSE,2,Control,Stage 11,0,0,2,11,4_4,1,0,Early,22
DPSE,2,Control,Stage 12-14,0,0,2,11,4_4,1,0,Early,22
DPSE,2,Control,Stages 1-7,4,0,2,12,4_4,1,0,Early,22
DPSE,2,Control,Stages 8-10,0,0,2,12,4_4,1,0,Early,22
DPSE,2,Control,Stage 11,0,0,2,12,4_4,1,0,Early,22
DPSE,2,Control,Stage 12-14,0,0,2,12,4_4,1,0,Early,22
DPSE,2,Control,Stages 1-7,5,0,2,13,4_4,1,0,Early,22
DPSE,2,Control,Stages 8-10,0,0,2,13,4_4,1,0,Early,22
DPSE,2,Control,Stage 11,0,0,2,13,4_4,1,0,Early,22
DPSE,2,Control,Stage 12-14,0,0,2,13,4_4,1,0,Early,22
DPSE,2,Control,Stages 1-7,6,0,2,14,4_4,1,0,Early,22
DPSE,2,Control,Stages 8-10,0,0,2,14,4_4,1,0,Early,22
DPSE,2,Control,Stage 11,0,0,2,14,4_4,1,0,Early,22
DPSE,2,Control,Stage 12-14,0,0,2,14,4_4,1,0,Early,22
DPSE,2,Control,Stages 1-7,6,0,2,15,4_4,1,0,Early,22
DPSE,2,Control,Stages 8-10,0,0,2,15,4_4,1,0,Early,22
DPSE,2,Control,Stage 11,0,0,2,15,4_4,1,0,Early,22
DPSE,2,Control,Stage 12-14,0,0,2,15,4_4,1,0,Early,22
DPSE,2,Control,Stages 1-7,6,0,2,16,4_4,1,0,Early,22
DPSE,2,Control,Stages 8-10,0,0,2,16,4_4,1,0,Early,22
DPSE,2,Control,Stage 11,0,0,2,16,4_4,1,0,Early,22
DPSE,2,Control,Stage 12-14,0,0,2,16,4_4,1,0,Early,22
DPSE,2,Control,Stages 1-7,7,0,2,17,4_4,1,0,Early,22
DPSE,2,Control,Stages 8-10,0,0,2,17,4_4,1,0,Early,22
DPSE,2,Control,Stage 11,0,0,2,17,4_4,1,0,Early,22
DPSE,2,Control,Stage 12-14,0,0,2,17,4_4,1,0,Early,22
DPSE,2,Control,Stages 1-7,4,0,2,18,4_4,1,0,Early,22
DPSE,2,Control,Stages 8-10,0,0,2,18,4_4,1,0,Early,22
DPSE,2,Control,Stage 11,0,0,2,18,4_4,1,0,Early,22
DPSE,2,Control,Stage 12-14,0,0,2,18,4_4,1,0,Early,22
DPSE,2,Control,Stages 1-7,3,0,2,19,4_4,1,0,Early,22
DPSE,2,Control,Stages 8-10,0,0,2,19,4_4,1,0,Early,22
DPSE,2,Control,Stage 11,0,0,2,19,4_4,1,0,Early,22
DPSE,2,Control,Stage 12-14,0,0,2,19,4_4,1,0,Early,22
DPSE,2,Control,Stages 1-7,4,0,2,20,4_4,1,0,Early,22
DPSE,2,Control,Stages 8-10,0,0,2,20,4_4,1,0,Early,22
DPSE,2,Control,Stage 11,0,0,2,20,4_4,1,0,Early,22
DPSE,2,Control,Stage 12-14,0,0,2,20,4_4,1,0,Early,22
DPSE,2,Control,Stage 11,0,0,2,1,4_4,1,1,Early,22
DPSE,2,Control,Stage 12-14,0,0,2,1,4_4,1,1,Early,22
DPSE,2,Control,Stages 1-7,8,1,2,1,4_4,1,1,Early,22
DPSE,2,Control,Stages 8-10,0,0,2,1,4_4,1,1,Early,22
DPSE,2,Control,Stage 11,0,0,2,4,4_4,1,1,Early,22
DPSE,2,Control,Stage 12-14,0,0,2,4,4_4,1,1,Early,22
DPSE,2,Control,Stages 1-7,6,1,2,4,4_4,1,1,Early,22
DPSE,2,Control,Stages 8-10,0,0,2,4,4_4,1,1,Early,22
DPSE,2,Control,Stage 11,0,0,2,1,4_5,2,0,Early,23
DPSE,2,Control,Stage 12-14,0,0,2,1,4_5,2,0,Early,23
DPSE,2,Control,Stages 1-7,3,0,2,1,4_5,2,0,Early,23
DPSE,2,Control,Stages 8-10,0,0,2,1,4_5,2,0,Early,23
DPSE,2,Control,Stage 11,0,0,2,2,4_5,2,0,Early,23
DPSE,2,Control,Stage 12-14,0,0,2,2,4_5,2,0,Early,23
DPSE,2,Control,Stages 1-7,4,0,2,2,4_5,2,0,Early,23
DPSE,2,Control,Stages 8-10,0,0,2,2,4_5,2,0,Early,23
DPSE,2,Control,Stage 11,0,0,2,3,4_5,2,0,Early,23
DPSE,2,Control,Stage 12-14,0,0,2,3,4_5,2,0,Early,23
DPSE,2,Control,Stages 1-7,3,0,2,3,4_5,2,0,Early,23
DPSE,2,Control,Stages 8-10,0,0,2,3,4_5,2,0,Early,23
DPSE,2,Control,Stage 11,0,0,2,4,4_5,2,0,Early,23
DPSE,2,Control,Stage 12-14,0,0,2,4,4_5,2,0,Early,23
DPSE,2,Control,Stages 1-7,3,0,2,4,4_5,2,0,Early,23
DPSE,2,Control,Stages 8-10,0,0,2,4,4_5,2,0,Early,23
DPSE,2,Control,Stage 11,0,0,2,5,4_5,2,0,Early,23
DPSE,2,Control,Stage 12-14,0,0,2,5,4_5,2,0,Early,23
DPSE,2,Control,Stages 1-7,4,0,2,5,4_5,2,0,Early,23
DPSE,2,Control,Stages 8-10,0,0,2,5,4_5,2,0,Early,23
DPSE,2,Control,Stage 11,0,0,2,6,4_5,2,0,Early,23
DPSE,2,Control,Stage 12-14,0,0,2,6,4_5,2,0,Early,23
DPSE,2,Control,Stages 1-7,3,0,2,6,4_5,2,0,Early,23
DPSE,2,Control,Stages 8-10,0,0,2,6,4_5,2,0,Early,23
DPSE,2,Control,Stages 1-7,3,0,2,7,4_5,2,0,Early,23
DPSE,2,Control,Stages 8-10,0,0,2,7,4_5,2,0,Early,23
DPSE,2,Control,Stage 11,0,0,2,7,4_5,2,0,Early,23
DPSE,2,Control,Stage 12-14,0,0,2,7,4_5,2,0,Early,23
DPSE,2,Control,Stages 1-7,2,0,2,8,4_5,2,0,Early,23
DPSE,2,Control,Stages 8-10,0,0,2,8,4_5,2,0,Early,23
DPSE,2,Control,Stage 11,0,0,2,8,4_5,2,0,Early,23
DPSE,2,Control,Stage 12-14,0,0,2,8,4_5,2,0,Early,23
DPSE,2,Control,Stages 1-7,5,0,2,9,4_5,2,0,Early,23
DPSE,2,Control,Stages 8-10,0,0,2,9,4_5,2,0,Early,23
DPSE,2,Control,Stage 11,0,0,2,9,4_5,2,0,Early,23
DPSE,2,Control,Stage 12-14,0,0,2,9,4_5,2,0,Early,23
DPSE,2,Control,Stages 1-7,2,0,2,10,4_5,2,0,Early,23
DPSE,2,Control,Stages 8-10,0,0,2,10,4_5,2,0,Early,23
DPSE,2,Control,Stage 11,0,0,2,10,4_5,2,0,Early,23
DPSE,2,Control,Stage 12-14,0,0,2,10,4_5,2,0,Early,23
DPSE,2,Control,Stages 1-7,3,0,2,11,4_5,2,0,Early,23
DPSE,2,Control,Stages 8-10,0,0,2,11,4_5,2,0,Early,23
DPSE,2,Control,Stage 11,0,0,2,11,4_5,2,0,Early,23
DPSE,2,Control,Stage 12-14,0,0,2,11,4_5,2,0,Early,23
DPSE,2,Control,Stages 1-7,6,0,2,12,4_5,2,0,Early,23
DPSE,2,Control,Stages 8-10,0,0,2,12,4_5,2,0,Early,23
DPSE,2,Control,Stage 11,0,0,2,12,4_5,2,0,Early,23
DPSE,2,Control,Stage 12-14,0,0,2,12,4_5,2,0,Early,23
DPSE,2,Control,Stages 1-7,5,0,2,13,4_5,2,0,Early,23
DPSE,2,Control,Stages 8-10,0,0,2,13,4_5,2,0,Early,23
DPSE,2,Control,Stage 11,0,0,2,13,4_5,2,0,Early,23
DPSE,2,Control,Stage 12-14,0,0,2,13,4_5,2,0,Early,23
DPSE,2,Control,Stages 1-7,4,0,2,14,4_5,2,0,Early,23
DPSE,2,Control,Stages 8-10,0,0,2,14,4_5,2,0,Early,23
DPSE,2,Control,Stage 11,0,0,2,14,4_5,2,0,Early,23
DPSE,2,Control,Stage 12-14,0,0,2,14,4_5,2,0,Early,23
DPSE,2,Control,Stages 1-7,3,0,2,15,4_5,2,0,Early,23
DPSE,2,Control,Stages 8-10,0,0,2,15,4_5,2,0,Early,23
DPSE,2,Control,Stage 11,0,0,2,15,4_5,2,0,Early,23
DPSE,2,Control,Stage 12-14,0,0,2,15,4_5,2,0,Early,23
DPSE,2,Control,Stages 1-7,4,0,2,16,4_5,2,0,Early,23
DPSE,2,Control,Stages 8-10,0,0,2,16,4_5,2,0,Early,23
DPSE,2,Control,Stage 11,0,0,2,16,4_5,2,0,Early,23
DPSE,2,Control,Stage 12-14,0,0,2,16,4_5,2,0,Early,23
DPSE,2,Control,Stages 1-7,3,0,2,17,4_5,2,0,Early,23
DPSE,2,Control,Stages 8-10,0,0,2,17,4_5,2,0,Early,23
DPSE,2,Control,Stage 11,0,0,2,17,4_5,2,0,Early,23
DPSE,2,Control,Stage 12-14,0,0,2,17,4_5,2,0,Early,23
DPSE,2,Control,Stages 1-7,4,0,2,18,4_5,2,0,Early,23
DPSE,2,Control,Stages 8-10,0,0,2,18,4_5,2,0,Early,23
DPSE,2,Control,Stage 11,0,0,2,18,4_5,2,0,Early,23
DPSE,2,Control,Stage 12-14,0,0,2,18,4_5,2,0,Early,23
DPSE,2,Control,Stages 1-7,4,0,2,19,4_5,2,0,Early,23
DPSE,2,Control,Stages 8-10,0,0,2,19,4_5,2,0,Early,23
DPSE,2,Control,Stage 11,0,0,2,19,4_5,2,0,Early,23
DPSE,2,Control,Stage 12-14,0,0,2,19,4_5,2,0,Early,23
DPSE,2,Control,Stages 1-7,4,0,2,20,4_5,2,0,Early,23
DPSE,2,Control,Stages 8-10,0,0,2,20,4_5,2,0,Early,23
DPSE,2,Control,Stage 11,0,0,2,20,4_5,2,0,Early,23
DPSE,2,Control,Stage 12-14,0,0,2,20,4_5,2,0,Early,23
DPSE,2,Control,Stages 1-7,4,0,2,21,4_5,2,0,Early,23
DPSE,2,Control,Stages 8-10,0,0,2,21,4_5,2,0,Early,23
DPSE,2,Control,Stage 11,0,0,2,21,4_5,2,0,Early,23
DPSE,2,Control,Stage 12-14,0,0,2,21,4_5,2,0,Early,23
DPSE,2,Control,Stages 1-7,5,0,2,22,4_5,2,0,Early,23
DPSE,2,Control,Stages 8-10,0,0,2,22,4_5,2,0,Early,23
DPSE,2,Control,Stage 11,0,0,2,22,4_5,2,0,Early,23
DPSE,2,Control,Stage 12-14,0,0,2,22,4_5,2,0,Early,23
DPSE,2,Control,Stages 1-7,3,0,2,23,4_5,2,0,Early,23
DPSE,2,Control,Stages 8-10,0,0,2,23,4_5,2,0,Early,23
DPSE,2,Control,Stage 11,0,0,2,23,4_5,2,0,Early,23
DPSE,2,Control,Stage 12-14,0,0,2,23,4_5,2,0,Early,23
DPSE,2,Control,Stages 1-7,4,0,2,24,4_5,2,0,Early,23
DPSE,2,Control,Stages 8-10,0,0,2,24,4_5,2,0,Early,23
DPSE,2,Control,Stage 11,0,0,2,24,4_5,2,0,Early,23
DPSE,2,Control,Stage 12-14,0,0,2,24,4_5,2,0,Early,23
DPSE,2,Control,Stages 1-7,6,0,2,25,4_5,2,0,Early,23
DPSE,2,Control,Stages 8-10,0,0,2,25,4_5,2,0,Early,23
DPSE,2,Control,Stage 11,0,0,2,25,4_5,2,0,Early,23
DPSE,2,Control,Stage 12-14,0,0,2,25,4_5,2,0,Early,23
DPSE,2,Control,Stage 11,0,0,2,1,4_1,3,0,Early,24
DPSE,2,Control,Stage 12-14,0,0,2,1,4_1,3,0,Early,24
DPSE,2,Control,Stages 1-7,5,0,2,1,4_1,3,0,Early,24
DPSE,2,Control,Stages 8-10,0,0,2,1,4_1,3,0,Early,24
DPSE,2,Control,Stage 11,0,0,2,2,4_1,3,0,Early,24
DPSE,2,Control,Stage 12-14,0,0,2,2,4_1,3,0,Early,24
DPSE,2,Control,Stages 1-7,5,0,2,2,4_1,3,0,Early,24
DPSE,2,Control,Stages 8-10,0,0,2,2,4_1,3,0,Early,24
DPSE,2,Control,Stage 11,0,0,2,3,4_1,3,0,Early,24
DPSE,2,Control,Stage 12-14,0,0,2,3,4_1,3,0,Early,24
DPSE,2,Control,Stages 1-7,6,0,2,3,4_1,3,0,Early,24
DPSE,2,Control,Stages 8-10,0,0,2,3,4_1,3,0,Early,24
DPSE,2,Control,Stage 11,0,0,2,4,4_1,3,0,Early,24
DPSE,2,Control,Stage 12-14,0,0,2,4,4_1,3,0,Early,24
DPSE,2,Control,Stages 1-7,3,0,2,4,4_1,3,0,Early,24
DPSE,2,Control,Stages 8-10,0,0,2,4,4_1,3,0,Early,24
DPSE,2,Control,Stage 11,0,0,2,5,4_1,3,0,Early,24
DPSE,2,Control,Stage 12-14,0,0,2,5,4_1,3,0,Early,24
DPSE,2,Control,Stages 1-7,5,0,2,5,4_1,3,0,Early,24
DPSE,2,Control,Stages 8-10,0,0,2,5,4_1,3,0,Early,24
DPSE,2,Control,Stage 11,0,0,2,6,4_1,3,0,Early,24
DPSE,2,Control,Stage 12-14,0,0,2,6,4_1,3,0,Early,24
DPSE,2,Control,Stages 1-7,4,0,2,6,4_1,3,0,Early,24
DPSE,2,Control,Stages 8-10,0,0,2,6,4_1,3,0,Early,24
DPSE,2,Control,Stages 1-7,4,0,2,7,4_1,3,0,Early,24
DPSE,2,Control,Stages 8-10,0,0,2,7,4_1,3,0,Early,24
DPSE,2,Control,Stage 11,0,0,2,7,4_1,3,0,Early,24
DPSE,2,Control,Stage 12-14,0,0,2,7,4_1,3,0,Early,24
DPSE,2,Control,Stages 1-7,5,0,2,8,4_1,3,0,Early,24
DPSE,2,Control,Stages 8-10,0,0,2,8,4_1,3,0,Early,24
DPSE,2,Control,Stage 11,0,0,2,8,4_1,3,0,Early,24
DPSE,2,Control,Stage 12-14,0,0,2,8,4_1,3,0,Early,24
DPSE,2,Control,Stages 1-7,4,0,2,9,4_1,3,0,Early,24
DPSE,2,Control,Stages 8-10,0,0,2,9,4_1,3,0,Early,24
DPSE,2,Control,Stage 11,0,0,2,9,4_1,3,0,Early,24
DPSE,2,Control,Stage 12-14,0,0,2,9,4_1,3,0,Early,24
DPSE,2,Control,Stages 1-7,3,0,2,10,4_1,3,0,Early,24
DPSE,2,Control,Stages 8-10,0,0,2,10,4_1,3,0,Early,24
DPSE,2,Control,Stage 11,0,0,2,10,4_1,3,0,Early,24
DPSE,2,Control,Stage 12-14,0,0,2,10,4_1,3,0,Early,24
DPSE,2,Control,Stages 1-7,3,0,2,11,4_1,3,0,Early,24
DPSE,2,Control,Stages 8-10,0,0,2,11,4_1,3,0,Early,24
DPSE,2,Control,Stage 11,0,0,2,11,4_1,3,0,Early,24
DPSE,2,Control,Stage 12-14,0,0,2,11,4_1,3,0,Early,24
DPSE,2,Control,Stages 1-7,4,0,2,12,4_1,3,0,Early,24
DPSE,2,Control,Stages 8-10,0,0,2,12,4_1,3,0,Early,24
DPSE,2,Control,Stage 11,0,0,2,12,4_1,3,0,Early,24
DPSE,2,Control,Stage 12-14,0,0,2,12,4_1,3,0,Early,24
DPSE,2,Control,Stages 1-7,3,0,2,13,4_1,3,0,Early,24
DPSE,2,Control,Stages 8-10,0,0,2,13,4_1,3,0,Early,24
DPSE,2,Control,Stage 11,0,0,2,13,4_1,3,0,Early,24
DPSE,2,Control,Stage 12-14,0,0,2,13,4_1,3,0,Early,24
DPSE,2,Control,Stages 1-7,5,0,2,14,4_1,3,0,Early,24
DPSE,2,Control,Stages 8-10,0,0,2,14,4_1,3,0,Early,24
DPSE,2,Control,Stage 11,0,0,2,14,4_1,3,0,Early,24
DPSE,2,Control,Stage 12-14,0,0,2,14,4_1,3,0,Early,24
DPSE,7,Control,Stage 11,0,0,1,1,5_1,1,0,Late,25
DPSE,7,Control,Stage 12-14,2,0,1,1,5_1,1,0,Late,25
DPSE,7,Control,Stages 1-7,4,0,1,1,5_1,1,0,Late,25
DPSE,7,Control,Stages 8-10,0,0,1,1,5_1,1,0,Late,25
DPSE,7,Control,Stage 11,0,0,1,2,5_1,1,0,Late,25
DPSE,7,Control,Stage 12-14,1,0,1,2,5_1,1,0,Late,25
DPSE,7,Control,Stages 1-7,5,0,1,2,5_1,1,0,Late,25
DPSE,7,Control,Stages 8-10,0,0,1,2,5_1,1,0,Late,25
DPSE,7,Control,Stage 11,0,0,1,3,5_1,1,0,Late,25
DPSE,7,Control,Stage 12-14,1,0,1,3,5_1,1,0,Late,25
DPSE,7,Control,Stages 1-7,3,0,1,3,5_1,1,0,Late,25
DPSE,7,Control,Stages 8-10,0,0,1,3,5_1,1,0,Late,25
DPSE,7,Control,Stage 11,1,0,1,4,5_1,1,0,Late,25
DPSE,7,Control,Stage 12-14,1,0,1,4,5_1,1,0,Late,25
DPSE,7,Control,Stages 1-7,2,0,1,4,5_1,1,0,Late,25
DPSE,7,Control,Stages 8-10,1,0,1,4,5_1,1,0,Late,25
DPSE,7,Control,Stage 11,1,0,1,5,5_1,1,0,Late,25
DPSE,7,Control,Stage 12-14,1,0,1,5,5_1,1,0,Late,25
DPSE,7,Control,Stages 1-7,2,0,1,5,5_1,1,0,Late,25
DPSE,7,Control,Stages 8-10,0,0,1,5,5_1,1,0,Late,25
DPSE,7,Control,Stage 11,1,0,1,6,5_1,1,0,Late,25
DPSE,7,Control,Stage 12-14,1,0,1,6,5_1,1,0,Late,25
DPSE,7,Control,Stages 1-7,3,0,1,6,5_1,1,0,Late,25
DPSE,7,Control,Stages 8-10,1,0,1,6,5_1,1,0,Late,25
DPSE,7,Control,Stages 1-7,4,0,1,7,5_1,1,0,Late,25
DPSE,7,Control,Stages 8-10,0,0,1,7,5_1,1,0,Late,25
DPSE,7,Control,Stage 11,1,0,1,7,5_1,1,0,Late,25
DPSE,7,Control,Stage 12-14,1,0,1,7,5_1,1,0,Late,25
DPSE,7,Control,Stages 1-7,3,0,1,8,5_1,1,0,Late,25
DPSE,7,Control,Stages 8-10,0,0,1,8,5_1,1,0,Late,25
DPSE,7,Control,Stage 11,0,0,1,8,5_1,1,0,Late,25
DPSE,7,Control,Stage 12-14,1,0,1,8,5_1,1,0,Late,25
DPSE,7,Control,Stages 1-7,4,0,1,9,5_1,1,0,Late,25
DPSE,7,Control,Stages 8-10,2,0,1,9,5_1,1,0,Late,25
DPSE,7,Control,Stage 11,0,0,1,9,5_1,1,0,Late,25
DPSE,7,Control,Stage 12-14,1,0,1,9,5_1,1,0,Late,25
DPSE,7,Control,Stages 1-7,3,0,1,10,5_1,1,0,Late,25
DPSE,7,Control,Stages 8-10,1,0,1,10,5_1,1,0,Late,25
DPSE,7,Control,Stage 11,0,0,1,10,5_1,1,0,Late,25
DPSE,7,Control,Stage 12-14,1,0,1,10,5_1,1,0,Late,25
DPSE,7,Control,Stages 1-7,3,0,1,11,5_1,1,0,Late,25
DPSE,7,Control,Stages 8-10,1,0,1,11,5_1,1,0,Late,25
DPSE,7,Control,Stage 11,0,0,1,11,5_1,1,0,Late,25
DPSE,7,Control,Stage 12-14,1,0,1,11,5_1,1,0,Late,25
DPSE,7,Control,Stages 1-7,5,0,1,12,5_1,1,0,Late,25
DPSE,7,Control,Stages 8-10,0,0,1,12,5_1,1,0,Late,25
DPSE,7,Control,Stage 11,0,0,1,12,5_1,1,0,Late,25
DPSE,7,Control,Stage 12-14,0,0,1,12,5_1,1,0,Late,25
DPSE,7,Control,Stages 1-7,4,0,1,13,5_1,1,0,Late,25
DPSE,7,Control,Stages 8-10,0,0,1,13,5_1,1,0,Late,25
DPSE,7,Control,Stage 11,0,0,1,13,5_1,1,0,Late,25
DPSE,7,Control,Stage 12-14,1,0,1,13,5_1,1,0,Late,25
DPSE,7,Control,Stages 1-7,2,0,1,14,5_1,1,0,Late,25
DPSE,7,Control,Stages 8-10,1,0,1,14,5_1,1,0,Late,25
DPSE,7,Control,Stage 11,0,0,1,14,5_1,1,0,Late,25
DPSE,7,Control,Stage 12-14,1,0,1,14,5_1,1,0,Late,25
DPSE,7,Control,Stage 11,0,0,1,15,5_1,1,0,Late,25
DPSE,7,Control,Stage 12-14,1,0,1,15,5_1,1,0,Late,25
DPSE,7,Control,Stages 1-7,3,0,1,15,5_1,1,0,Late,25
DPSE,7,Control,Stages 8-10,1,0,1,15,5_1,1,0,Late,25
DPSE,7,Control,Stage 11,0,0,1,1,5_4,2,0,Late,26
DPSE,7,Control,Stage 12-14,1,0,1,1,5_4,2,0,Late,26
DPSE,7,Control,Stages 1-7,3,0,1,1,5_4,2,0,Late,26
DPSE,7,Control,Stages 8-10,1,0,1,1,5_4,2,0,Late,26
DPSE,7,Control,Stage 11,0,0,1,2,5_4,2,0,Late,26
DPSE,7,Control,Stage 12-14,1,0,1,2,5_4,2,0,Late,26
DPSE,7,Control,Stages 1-7,4,0,1,2,5_4,2,0,Late,26
DPSE,7,Control,Stages 8-10,0,0,1,2,5_4,2,0,Late,26
DPSE,7,Control,Stage 11,0,0,1,3,5_4,2,0,Late,26
DPSE,7,Control,Stage 12-14,1,0,1,3,5_4,2,0,Late,26
DPSE,7,Control,Stages 1-7,3,0,1,3,5_4,2,0,Late,26
DPSE,7,Control,Stages 8-10,1,0,1,3,5_4,2,0,Late,26
DPSE,7,Control,Stage 11,0,0,1,4,5_4,2,0,Late,26
DPSE,7,Control,Stage 12-14,1,0,1,4,5_4,2,0,Late,26
DPSE,7,Control,Stages 1-7,0,0,1,4,5_4,2,0,Late,26
DPSE,7,Control,Stages 8-10,1,0,1,4,5_4,2,0,Late,26
DPSE,7,Control,Stage 11,0,0,1,5,5_4,2,0,Late,26
DPSE,7,Control,Stage 12-14,1,0,1,5,5_4,2,0,Late,26
DPSE,7,Control,Stages 1-7,3,0,1,5,5_4,2,0,Late,26
DPSE,7,Control,Stages 8-10,0,0,1,5,5_4,2,0,Late,26
DPSE,7,Control,Stage 11,0,0,1,6,5_4,2,0,Late,26
DPSE,7,Control,Stage 12-14,1,0,1,6,5_4,2,0,Late,26
DPSE,7,Control,Stages 1-7,3,0,1,6,5_4,2,0,Late,26
DPSE,7,Control,Stages 8-10,0,0,1,6,5_4,2,0,Late,26
DPSE,2,HighTemp,Stage 11,0,0,1,1,10_1,1,0,Early,27
DPSE,2,HighTemp,Stage 12-14,1,0,1,1,10_1,1,0,Early,27
DPSE,2,HighTemp,Stages 1-7,3,0,1,1,10_1,1,0,Early,27
DPSE,2,HighTemp,Stages 8-10,0,0,1,1,10_1,1,0,Early,27
DPSE,2,HighTemp,Stage 11,0,0,1,2,10_1,1,0,Early,27
DPSE,2,HighTemp,Stage 12-14,0,0,1,2,10_1,1,0,Early,27
DPSE,2,HighTemp,Stages 1-7,4,0,1,2,10_1,1,0,Early,27
DPSE,2,HighTemp,Stages 8-10,1,0,1,2,10_1,1,0,Early,27
DPSE,2,HighTemp,Stage 11,0,0,1,3,10_1,1,0,Early,27
DPSE,2,HighTemp,Stage 12-14,0,0,1,3,10_1,1,0,Early,27
DPSE,2,HighTemp,Stages 1-7,3,0,1,3,10_1,1,0,Early,27
DPSE,2,HighTemp,Stages 8-10,1,0,1,3,10_1,1,0,Early,27
DPSE,2,HighTemp,Stage 11,0,0,1,4,10_1,1,0,Early,27
DPSE,2,HighTemp,Stage 12-14,1,0,1,4,10_1,1,0,Early,27
DPSE,2,HighTemp,Stages 1-7,4,0,1,4,10_1,1,0,Early,27
DPSE,2,HighTemp,Stages 8-10,0,0,1,4,10_1,1,0,Early,27
DPSE,2,HighTemp,Stage 11,0,0,1,1,10_1,2,0,Early,28
DPSE,2,HighTemp,Stage 12-14,1,0,1,1,10_1,2,0,Early,28
DPSE,2,HighTemp,Stages 1-7,4,0,1,1,10_1,2,0,Early,28
DPSE,2,HighTemp,Stages 8-10,0,0,1,1,10_1,2,0,Early,28
DPSE,2,HighTemp,Stage 11,0,0,1,2,10_1,2,0,Early,28
DPSE,2,HighTemp,Stage 12-14,1,0,1,2,10_1,2,0,Early,28
DPSE,2,HighTemp,Stages 1-7,3,0,1,2,10_1,2,0,Early,28
DPSE,2,HighTemp,Stages 8-10,0,0,1,2,10_1,2,0,Early,28
DPSE,2,HighTemp,Stage 11,0,0,1,3,10_1,2,0,Early,28
DPSE,2,HighTemp,Stage 12-14,0,0,1,3,10_1,2,0,Early,28
DPSE,2,HighTemp,Stages 1-7,1,0,1,3,10_1,2,0,Early,28
DPSE,2,HighTemp,Stages 8-10,0,0,1,3,10_1,2,0,Early,28
DPSE,2,HighTemp,Stage 11,0,0,1,4,10_1,2,0,Early,28
DPSE,2,HighTemp,Stage 12-14,1,0,1,4,10_1,2,0,Early,28
DPSE,2,HighTemp,Stages 1-7,3,0,1,4,10_1,2,0,Early,28
DPSE,2,HighTemp,Stages 8-10,0,0,1,4,10_1,2,0,Early,28
DPSE,2,HighTemp,Stages 1-7,4,0,1,5,10_1,2,0,Early,28
DPSE,2,HighTemp,Stages 8-10,0,0,1,5,10_1,2,0,Early,28
DPSE,2,HighTemp,Stage 11,0,0,1,5,10_1,2,0,Early,28
DPSE,2,HighTemp,Stage 12-14,0,0,1,5,10_1,2,0,Early,28
DPSE,2,HighTemp,Stage 11,0,0,1,1,10_1,3,0,Early,29
DPSE,2,HighTemp,Stage 12-14,0,0,1,1,10_1,3,0,Early,29
DPSE,2,HighTemp,Stages 1-7,4,0,1,1,10_1,3,0,Early,29
DPSE,2,HighTemp,Stages 8-10,0,0,1,1,10_1,3,0,Early,29
DPSE,2,HighTemp,Stage 11,0,0,1,2,10_1,3,0,Early,29
DPSE,2,HighTemp,Stage 12-14,0,0,1,2,10_1,3,0,Early,29
DPSE,2,HighTemp,Stages 1-7,31,0,1,2,10_1,3,0,Early,29
DPSE,2,HighTemp,Stages 8-10,0,0,1,2,10_1,3,0,Early,29
DPSE,2,HighTemp,Stage 11,0,0,1,4,10_1,3,0,Early,29
DPSE,2,HighTemp,Stage 12-14,1,0,1,4,10_1,3,0,Early,29
DPSE,2,HighTemp,Stages 1-7,3,0,1,4,10_1,3,0,Early,29
DPSE,2,HighTemp,Stages 8-10,1,0,1,4,10_1,3,0,Early,29
DPSE,2,HighTemp,Stage 11,0,0,1,3,10_1,3,1,Early,29
DPSE,2,HighTemp,Stage 12-14,0,0,1,3,10_1,3,1,Early,29
DPSE,2,HighTemp,Stages 1-7,4,0,1,3,10_1,3,1,Early,29
DPSE,2,HighTemp,Stages 8-10,1,1,1,3,10_1,3,1,Early,29
DPSE,2,HighTemp,Stage 11,0,0,1,2,10_1,4,0,Early,30
DPSE,2,HighTemp,Stage 12-14,0,0,1,2,10_1,4,0,Early,30
DPSE,2,HighTemp,Stages 1-7,4,0,1,2,10_1,4,0,Early,30
DPSE,2,HighTemp,Stages 8-10,1,0,1,2,10_1,4,0,Early,30
DPSE,2,HighTemp,Stage 11,0,0,1,3,10_1,4,0,Early,30
DPSE,2,HighTemp,Stage 12-14,0,0,1,3,10_1,4,0,Early,30
DPSE,2,HighTemp,Stages 1-7,3,0,1,3,10_1,4,0,Early,30
DPSE,2,HighTemp,Stages 8-10,1,0,1,3,10_1,4,0,Early,30
DPSE,2,HighTemp,Stage 11,0,0,1,4,10_1,4,0,Early,30
DPSE,2,HighTemp,Stage 12-14,0,0,1,4,10_1,4,0,Early,30
DPSE,2,HighTemp,Stages 1-7,4,0,1,4,10_1,4,0,Early,30
DPSE,2,HighTemp,Stages 8-10,0,0,1,4,10_1,4,0,Early,30
DPSE,2,HighTemp,Stage 11,4,1,1,1,10_1,4,1,Early,30
DPSE,2,HighTemp,Stage 12-14,0,0,1,1,10_1,4,1,Early,30
DPSE,2,HighTemp,Stages 1-7,3,0,1,1,10_1,4,1,Early,30
DPSE,2,HighTemp,Stages 8-10,1,0,1,1,10_1,4,1,Early,30
DPSE,2,HighTemp,Stage 11,0,0,1,1,10_2,5,0,Early,31
DPSE,2,HighTemp,Stage 12-14,0,0,1,1,10_2,5,0,Early,31
DPSE,2,HighTemp,Stages 1-7,5,0,1,1,10_2,5,0,Early,31
DPSE,2,HighTemp,Stages 8-10,0,0,1,1,10_2,5,0,Early,31
DPSE,2,HighTemp,Stage 11,0,0,1,2,10_2,5,0,Early,31
DPSE,2,HighTemp,Stage 12-14,0,0,1,2,10_2,5,0,Early,31
DPSE,2,HighTemp,Stages 1-7,4,0,1,2,10_2,5,0,Early,31
DPSE,2,HighTemp,Stages 8-10,0,0,1,2,10_2,5,0,Early,31
DPSE,2,HighTemp,Stage 11,0,0,1,3,10_2,5,0,Early,31
DPSE,2,HighTemp,Stage 12-14,0,0,1,3,10_2,5,0,Early,31
DPSE,2,HighTemp,Stages 1-7,4,0,1,3,10_2,5,0,Early,31
DPSE,2,HighTemp,Stages 8-10,0,0,1,3,10_2,5,0,Early,31
DPSE,2,HighTemp,Stage 11,0,0,1,4,10_2,5,0,Early,31
DPSE,2,HighTemp,Stage 12-14,0,0,1,4,10_2,5,0,Early,31
DPSE,2,HighTemp,Stages 1-7,4,0,1,4,10_2,5,0,Early,31
DPSE,2,HighTemp,Stages 8-10,0,0,1,4,10_2,5,0,Early,31
DPSE,2,HighTemp,Stages 1-7,5,0,1,5,10_2,5,0,Early,31
DPSE,2,HighTemp,Stages 8-10,0,0,1,5,10_2,5,0,Early,31
DPSE,2,HighTemp,Stage 11,0,0,1,5,10_2,5,0,Early,31
DPSE,2,HighTemp,Stage 12-14,0,0,1,5,10_2,5,0,Early,31
DPSE,2,HighTemp,Stage 11,0,0,1,2,10_2,6,0,Early,32
DPSE,2,HighTemp,Stage 12-14,0,0,1,2,10_2,6,0,Early,32
DPSE,2,HighTemp,Stages 1-7,4,0,1,2,10_2,6,0,Early,32
DPSE,2,HighTemp,Stages 8-10,0,0,1,2,10_2,6,0,Early,32
DPSE,2,HighTemp,Stage 11,0,0,1,4,10_2,6,0,Early,32
DPSE,2,HighTemp,Stage 12-14,0,0,1,4,10_2,6,0,Early,32
DPSE,2,HighTemp,Stages 1-7,4,0,1,4,10_2,6,0,Early,32
DPSE,2,HighTemp,Stages 8-10,1,0,1,4,10_2,6,0,Early,32
DPSE,2,HighTemp,Stages 1-7,5,0,1,5,10_2,6,0,Early,32
DPSE,2,HighTemp,Stages 8-10,0,0,1,5,10_2,6,0,Early,32
DPSE,2,HighTemp,Stage 11,0,0,1,5,10_2,6,0,Early,32
DPSE,2,HighTemp,Stage 12-14,0,0,1,5,10_2,6,0,Early,32
DPSE,2,HighTemp,Stages 1-7,4,0,1,5,10_2,6,0,Early,32
DPSE,2,HighTemp,Stages 8-10,0,0,1,6,10_2,6,0,Early,32
DPSE,2,HighTemp,Stage 11,0,0,1,6,10_2,6,0,Early,32
DPSE,2,HighTemp,Stage 12-14,0,0,1,6,10_2,6,0,Early,32
DPSE,2,HighTemp,Stage 11,0,0,1,1,10_2,6,1,Early,32
DPSE,2,HighTemp,Stage 12-14,1,1,1,1,10_2,6,1,Early,32
DPSE,2,HighTemp,Stages 1-7,3,0,1,1,10_2,6,1,Early,32
DPSE,2,HighTemp,Stages 8-10,0,0,1,1,10_2,6,1,Early,32
DPSE,2,HighTemp,Stage 11,0,0,1,3,10_2,6,1,Early,32
DPSE,2,HighTemp,Stage 12-14,0,0,1,3,10_2,6,1,Early,32
DPSE,2,HighTemp,Stages 1-7,4,0,1,3,10_2,6,1,Early,32
DPSE,2,HighTemp,Stages 8-10,1,1,1,3,10_2,6,1,Early,32
DPSE,2,HighTemp,Stage 11,0,0,2,1,10_1,1,0,Early,33
DPSE,2,HighTemp,Stage 12-14,0,0,2,1,10_1,1,0,Early,33
DPSE,2,HighTemp,Stages 1-7,4,0,2,1,10_1,1,0,Early,33
DPSE,2,HighTemp,Stages 8-10,0,0,2,1,10_1,1,0,Early,33
DPSE,2,HighTemp,Stage 11,0,0,2,2,10_1,1,0,Early,33
DPSE,2,HighTemp,Stage 12-14,0,0,2,2,10_1,1,0,Early,33
DPSE,2,HighTemp,Stages 1-7,3,0,2,2,10_1,1,0,Early,33
DPSE,2,HighTemp,Stages 8-10,1,0,2,2,10_1,1,0,Early,33
DPSE,2,HighTemp,Stage 11,0,0,2,4,10_1,1,0,Early,33
DPSE,2,HighTemp,Stage 12-14,0,0,2,4,10_1,1,0,Early,33
DPSE,2,HighTemp,Stages 1-7,4,0,2,4,10_1,1,0,Early,33
DPSE,2,HighTemp,Stages 8-10,0,0,2,4,10_1,1,0,Early,33
DPSE,2,HighTemp,Stages 1-7,3,0,2,5,10_1,1,0,Early,33
DPSE,2,HighTemp,Stages 8-10,0,0,2,5,10_1,1,0,Early,33
DPSE,2,HighTemp,Stage 11,0,0,2,5,10_1,1,0,Early,33
DPSE,2,HighTemp,Stage 12-14,0,0,2,5,10_1,1,0,Early,33
DPSE,2,HighTemp,Stages 1-7,4,0,2,6,10_1,1,0,Early,33
DPSE,2,HighTemp,Stages 8-10,0,0,2,6,10_1,1,0,Early,33
DPSE,2,HighTemp,Stage 11,0,0,2,6,10_1,1,0,Early,33
DPSE,2,HighTemp,Stage 12-14,0,0,2,6,10_1,1,0,Early,33
DPSE,2,HighTemp,Stage 11,0,0,2,3,10_1,1,1,Early,33
DPSE,2,HighTemp,Stage 12-14,1,1,2,3,10_1,1,1,Early,33
DPSE,2,HighTemp,Stages 1-7,3,0,2,3,10_1,1,1,Early,33
DPSE,2,HighTemp,Stages 8-10,0,0,2,3,10_1,1,1,Early,33
DPSE,2,HighTemp,Stage 11,0,0,2,2,10_1,2,0,Early,34
DPSE,2,HighTemp,Stage 12-14,0,0,2,2,10_1,2,0,Early,34
DPSE,2,HighTemp,Stages 1-7,2,0,2,2,10_1,2,0,Early,34
DPSE,2,HighTemp,Stages 8-10,1,0,2,2,10_1,2,0,Early,34
DPSE,2,HighTemp,Stage 11,0,0,2,3,10_1,2,0,Early,34
DPSE,2,HighTemp,Stage 12-14,0,0,2,3,10_1,2,0,Early,34
DPSE,2,HighTemp,Stages 1-7,6,0,2,3,10_1,2,0,Early,34
DPSE,2,HighTemp,Stages 8-10,0,0,2,3,10_1,2,0,Early,34
DPSE,2,HighTemp,Stage 11,0,0,2,4,10_1,2,0,Early,34
DPSE,2,HighTemp,Stage 12-14,0,0,2,4,10_1,2,0,Early,34
DPSE,2,HighTemp,Stages 1-7,5,0,2,4,10_1,2,0,Early,34
DPSE,2,HighTemp,Stages 8-10,0,0,2,4,10_1,2,0,Early,34
DPSE,2,HighTemp,Stages 1-7,4,0,2,6,10_1,2,0,Early,34
DPSE,2,HighTemp,Stages 8-10,1,0,2,6,10_1,2,0,Early,34
DPSE,2,HighTemp,Stage 11,1,0,2,6,10_1,2,0,Early,34
DPSE,2,HighTemp,Stage 12-14,0,0,2,6,10_1,2,0,Early,34
DPSE,2,HighTemp,Stages 1-7,4,0,2,7,10_1,2,0,Early,34
DPSE,2,HighTemp,Stages 8-10,0,0,2,7,10_1,2,0,Early,34
DPSE,2,HighTemp,Stage 11,0,0,2,7,10_1,2,0,Early,34
DPSE,2,HighTemp,Stage 12-14,0,0,2,7,10_1,2,0,Early,34
DPSE,2,HighTemp,Stages 1-7,4,0,2,8,10_1,2,0,Early,34
DPSE,2,HighTemp,Stages 8-10,1,0,2,8,10_1,2,0,Early,34
DPSE,2,HighTemp,Stage 11,0,0,2,8,10_1,2,0,Early,34
DPSE,2,HighTemp,Stage 12-14,0,0,2,8,10_1,2,0,Early,34
DPSE,2,HighTemp,Stage 11,1,0,2,1,10_1,2,1,Early,34
DPSE,2,HighTemp,Stage 12-14,1,1,2,1,10_1,2,1,Early,34
DPSE,2,HighTemp,Stages 1-7,3,0,2,1,10_1,2,1,Early,34
DPSE,2,HighTemp,Stages 8-10,0,0,2,1,10_1,2,1,Early,34
DPSE,2,HighTemp,Stages 1-7,4,0,2,5,10_1,2,1,Early,34
DPSE,2,HighTemp,Stages 8-10,1,1,2,5,10_1,2,1,Early,34
DPSE,2,HighTemp,Stage 11,0,0,2,5,10_1,2,1,Early,34
DPSE,2,HighTemp,Stage 12-14,0,0,2,5,10_1,2,1,Early,34
DPSE,2,HighTemp,Stage 11,0,0,2,1,10_1,3,0,Early,35
DPSE,2,HighTemp,Stage 12-14,0,0,2,1,10_1,3,0,Early,35
DPSE,2,HighTemp,Stages 1-7,4,0,2,1,10_1,3,0,Early,35
DPSE,2,HighTemp,Stages 8-10,0,0,2,1,10_1,3,0,Early,35
DPSE,2,HighTemp,Stage 11,0,0,2,2,10_1,3,0,Early,35
DPSE,2,HighTemp,Stage 12-14,0,0,2,2,10_1,3,0,Early,35
DPSE,2,HighTemp,Stages 1-7,5,0,2,2,10_1,3,0,Early,35
DPSE,2,HighTemp,Stages 8-10,0,0,2,2,10_1,3,0,Early,35
DPSE,2,HighTemp,Stage 11,0,0,2,4,10_1,3,0,Early,35
DPSE,2,HighTemp,Stage 12-14,0,0,2,4,10_1,3,0,Early,35
DPSE,2,HighTemp,Stages 1-7,4,0,2,4,10_1,3,0,Early,35
DPSE,2,HighTemp,Stages 8-10,1,0,2,4,10_1,3,0,Early,35
DPSE,2,HighTemp,Stage 11,0,0,2,3,10_1,3,1,Early,35
DPSE,2,HighTemp,Stage 12-14,1,1,2,3,10_1,3,1,Early,35
DPSE,2,HighTemp,Stages 1-7,3,0,2,3,10_1,3,1,Early,35
DPSE,2,HighTemp,Stages 8-10,0,0,2,3,10_1,3,1,Early,35
DPSE,2,HighTemp,Stage 11,0,0,2,2,10_1,4,0,Early,36
DPSE,2,HighTemp,Stage 12-14,1,0,2,2,10_1,4,0,Early,36
DPSE,2,HighTemp,Stages 1-7,3,0,2,2,10_1,4,0,Early,36
DPSE,2,HighTemp,Stages 8-10,0,0,2,2,10_1,4,0,Early,36
DPSE,2,HighTemp,Stage 11,1,0,2,3,10_1,4,0,Early,36
DPSE,2,HighTemp,Stage 12-14,0,0,2,3,10_1,4,0,Early,36
DPSE,2,HighTemp,Stages 1-7,4,0,2,3,10_1,4,0,Early,36
DPSE,2,HighTemp,Stages 8-10,0,0,2,3,10_1,4,0,Early,36
DPSE,2,HighTemp,Stage 11,0,0,2,4,10_1,4,0,Early,36
DPSE,2,HighTemp,Stage 12-14,0,0,2,4,10_1,4,0,Early,36
DPSE,2,HighTemp,Stages 1-7,5,0,2,4,10_1,4,0,Early,36
DPSE,2,HighTemp,Stages 8-10,0,0,2,4,10_1,4,0,Early,36
DPSE,2,HighTemp,Stages 1-7,3,0,2,5,10_1,4,0,Early,36
DPSE,2,HighTemp,Stages 8-10,0,0,2,5,10_1,4,0,Early,36
DPSE,2,HighTemp,Stage 11,0,0,2,5,10_1,4,0,Early,36
DPSE,2,HighTemp,Stage 12-14,0,0,2,5,10_1,4,0,Early,36
DPSE,2,HighTemp,Stage 11,0,0,2,1,10_1,4,1,Early,36
DPSE,2,HighTemp,Stage 12-14,0,0,2,1,10_1,4,1,Early,36
DPSE,2,HighTemp,Stages 1-7,3,0,2,1,10_1,4,1,Early,36
DPSE,2,HighTemp,Stages 8-10,1,1,2,1,10_1,4,1,Early,36
DPSE,2,HighTemp,Stage 11,0,0,2,1,10_2,5,0,Early,37
DPSE,2,HighTemp,Stage 12-14,0,0,2,1,10_2,5,0,Early,37
DPSE,2,HighTemp,Stages 1-7,4,0,2,1,10_2,5,0,Early,37
DPSE,2,HighTemp,Stages 8-10,0,0,2,1,10_2,5,0,Early,37
DPSE,2,HighTemp,Stage 11,0,0,2,2,10_2,5,0,Early,37
DPSE,2,HighTemp,Stage 12-14,0,0,2,2,10_2,5,0,Early,37
DPSE,2,HighTemp,Stages 1-7,5,0,2,2,10_2,5,0,Early,37
DPSE,2,HighTemp,Stages 8-10,0,0,2,2,10_2,5,0,Early,37
DPSE,2,HighTemp,Stage 11,0,0,2,3,10_2,5,0,Early,37
DPSE,2,HighTemp,Stage 12-14,0,0,2,3,10_2,5,0,Early,37
DPSE,2,HighTemp,Stages 1-7,4,0,2,3,10_2,5,0,Early,37
DPSE,2,HighTemp,Stages 8-10,0,0,2,3,10_2,5,0,Early,37
DPSE,2,HighTemp,Stages 1-7,4,0,2,5,10_2,5,0,Early,37
DPSE,2,HighTemp,Stages 8-10,1,0,2,5,10_2,5,0,Early,37
DPSE,2,HighTemp,Stage 11,0,0,2,5,10_2,5,0,Early,37
DPSE,2,HighTemp,Stage 12-14,0,0,2,5,10_2,5,0,Early,37
DPSE,2,HighTemp,Stages 1-7,5,0,2,5,10_2,5,0,Early,37
DPSE,2,HighTemp,Stages 8-10,0,0,2,6,10_2,5,0,Early,37
DPSE,2,HighTemp,Stage 11,0,0,2,6,10_2,5,0,Early,37
DPSE,2,HighTemp,Stage 12-14,0,0,2,6,10_2,5,0,Early,37
DPSE,2,HighTemp,Stage 11,0,0,2,4,10_2,5,1,Early,37
DPSE,2,HighTemp,Stage 12-14,0,0,2,4,10_2,5,1,Early,37
DPSE,2,HighTemp,Stages 1-7,4,0,2,4,10_2,5,1,Early,37
DPSE,2,HighTemp,Stages 8-10,1,1,2,4,10_2,5,1,Early,37
DPSE,7,HighTemp,Stage 12-14,0,0,1,2,11_1,1,0,Late,38
DPSE,7,HighTemp,Stages 1-7,2,0,1,2,11_1,1,0,Late,38
DPSE,7,HighTemp,Stages 8-10,1,0,1,2,11_1,1,0,Late,38
DPSE,7,HighTemp,Stages 1-7,2,0,1,7,11_1,1,0,Late,38
DPSE,7,HighTemp,Stages 8-10,0,0,1,7,11_1,1,0,Late,38
DPSE,7,HighTemp,Stage 11,1,0,1,7,11_1,1,0,Late,38
DPSE,7,HighTemp,Stage 12-14,1,0,1,7,11_1,1,0,Late,38
DPSE,7,HighTemp,Stage 11,1,0,1,1,11_1,1,1,Late,38
DPSE,7,HighTemp,Stage 12-14,0,0,1,1,11_1,1,1,Late,38
DPSE,7,HighTemp,Stages 1-7,3,1,1,1,11_1,1,1,Late,38
DPSE,7,HighTemp,Stages 8-10,1,0,1,1,11_1,1,1,Late,38
DPSE,7,HighTemp,Stage 11,1,1,1,2,11_1,1,1,Late,38
DPSE,7,HighTemp,Stage 11,0,0,1,3,11_1,1,1,Late,38
DPSE,7,HighTemp,Stage 12-14,1,0,1,3,11_1,1,1,Late,38
DPSE,7,HighTemp,Stages 1-7,4,1,1,3,11_1,1,1,Late,38
DPSE,7,HighTemp,Stages 8-10,1,1,1,3,11_1,1,1,Late,38
DPSE,7,HighTemp,Stage 11,0,0,1,4,11_1,1,1,Late,38
DPSE,7,HighTemp,Stage 12-14,1,0,1,4,11_1,1,1,Late,38
DPSE,7,HighTemp,Stages 1-7,3,1,1,4,11_1,1,1,Late,38
DPSE,7,HighTemp,Stages 8-10,1,0,1,4,11_1,1,1,Late,38
DPSE,7,HighTemp,Stages 1-7,3,1,1,5,11_1,1,1,Late,38
DPSE,7,HighTemp,Stages 8-10,0,0,1,5,11_1,1,1,Late,38
DPSE,7,HighTemp,Stage 11,1,0,1,5,11_1,1,1,Late,38
DPSE,7,HighTemp,Stage 12-14,1,0,1,5,11_1,1,1,Late,38
DPSE,7,HighTemp,Stages 1-7,3,1,1,6,11_1,1,1,Late,38
DPSE,7,HighTemp,Stages 8-10,1,0,1,6,11_1,1,1,Late,38
DPSE,7,HighTemp,Stage 11,0,0,1,6,11_1,1,1,Late,38
DPSE,7,HighTemp,Stage 12-14,1,0,1,6,11_1,1,1,Late,38
DPSE,7,HighTemp,Stages 1-7,2,0,1,8,11_1,1,1,Late,38
DPSE,7,HighTemp,Stages 8-10,0,0,1,8,11_1,1,1,Late,38
DPSE,7,HighTemp,Stage 12-14,1,0,1,8,11_1,1,1,Late,38
DPSE,7,HighTemp,Stage 11,2,1,1,8,11_1,1,1,Late,38
DPSE,7,HighTemp,Stage 11,1,0,1,1,11_2,2,1,Late,39
DPSE,7,HighTemp,Stage 12-14,2,1,1,1,11_2,2,1,Late,39
DPSE,7,HighTemp,Stages 1-7,3,1,1,1,11_2,2,1,Late,39
DPSE,7,HighTemp,Stages 8-10,0,0,1,1,11_2,2,1,Late,39
DPSE,7,HighTemp,Stage 11,0,0,1,2,11_2,2,1,Late,39
DPSE,7,HighTemp,Stage 12-14,1,0,1,2,11_2,2,1,Late,39
DPSE,7,HighTemp,Stages 1-7,3,1,1,2,11_2,2,1,Late,39
DPSE,7,HighTemp,Stages 8-10,0,0,1,2,11_2,2,1,Late,39
DPSE,7,HighTemp,Stage 11,0,0,1,3,11_2,2,1,Late,39
DPSE,7,HighTemp,Stage 12-14,2,1,1,3,11_2,2,1,Late,39
DPSE,7,HighTemp,Stages 1-7,2,0,1,3,11_2,2,1,Late,39
DPSE,7,HighTemp,Stages 8-10,1,1,1,3,11_2,2,1,Late,39
DPSE,7,HighTemp,Stage 11,0,0,1,4,11_2,2,1,Late,39
DPSE,7,HighTemp,Stage 12-14,1,0,1,4,11_2,2,1,Late,39
DPSE,7,HighTemp,Stages 1-7,3,1,1,4,11_2,2,1,Late,39
DPSE,7,HighTemp,Stages 8-10,0,0,1,4,11_2,2,1,Late,39
DPSE,7,HighTemp,Stages 1-7,2,0,1,5,11_2,2,1,Late,39
DPSE,7,HighTemp,Stages 8-10,0,0,1,5,11_2,2,1,Late,39
DPSE,7,HighTemp,Stage 11,1,0,1,5,11_2,2,1,Late,39
DPSE,7,HighTemp,Stage 12-14,2,1,1,5,11_2,2,1,Late,39
DPSE,7,HighTemp,Stages 1-7,3,1,1,6,11_2,2,1,Late,39
DPSE,7,HighTemp,Stages 8-10,0,0,1,6,11_2,2,1,Late,39
DPSE,7,HighTemp,Stage 11,0,0,1,6,11_2,2,1,Late,39
DPSE,7,HighTemp,Stage 12-14,2,1,1,6,11_2,2,1,Late,39
DPSE,7,HighTemp,Stages 1-7,3,1,1,7,11_2,2,1,Late,39
DPSE,7,HighTemp,Stages 8-10,0,0,1,7,11_2,2,1,Late,39
DPSE,7,HighTemp,Stage 11,0,0,1,7,11_2,2,1,Late,39
DPSE,7,HighTemp,Stage 12-14,2,1,1,7,11_2,2,1,Late,39
DPSE,7,HighTemp,Stages 1-7,2,0,1,5,11_6,3,0,Late,40
DPSE,7,HighTemp,Stages 8-10,1,0,1,5,11_6,3,0,Late,40
DPSE,7,HighTemp,Stage 11,1,0,1,5,11_6,3,0,Late,40
DPSE,7,HighTemp,Stage 12-14,1,0,1,5,11_6,3,0,Late,40
DPSE,7,HighTemp,Stage 11,0,0,1,1,11_6,3,1,Late,40
DPSE,7,HighTemp,Stage 12-14,2,1,1,1,11_6,3,1,Late,40
DPSE,7,HighTemp,Stages 1-7,2,0,1,1,11_6,3,1,Late,40
DPSE,7,HighTemp,Stages 8-10,1,0,1,1,11_6,3,1,Late,40
DPSE,7,HighTemp,Stage 11,0,0,1,2,11_6,3,1,Late,40
DPSE,7,HighTemp,Stage 12-14,2,1,1,2,11_6,3,1,Late,40
DPSE,7,HighTemp,Stages 1-7,2,0,1,2,11_6,3,1,Late,40
DPSE,7,HighTemp,Stages 8-10,1,0,1,2,11_6,3,1,Late,40
DPSE,7,HighTemp,Stage 11,0,0,1,3,11_6,3,1,Late,40
DPSE,7,HighTemp,Stage 12-14,2,1,1,3,11_6,3,1,Late,40
DPSE,7,HighTemp,Stages 1-7,3,1,1,3,11_6,3,1,Late,40
DPSE,7,HighTemp,Stages 8-10,0,0,1,3,11_6,3,1,Late,40
DPSE,7,HighTemp,Stage 11,1,0,1,4,11_6,3,1,Late,40
DPSE,7,HighTemp,Stage 12-14,1,0,1,4,11_6,3,1,Late,40
DPSE,7,HighTemp,Stages 1-7,3,1,1,4,11_6,3,1,Late,40
DPSE,7,HighTemp,Stages 8-10,0,0,1,4,11_6,3,1,Late,40
DPSE,7,HighTemp,Stages 1-7,2,0,1,6,11_6,3,1,Late,40
DPSE,7,HighTemp,Stages 8-10,1,0,1,6,11_6,3,1,Late,40
DPSE,7,HighTemp,Stage 11,0,0,1,6,11_6,3,1,Late,40
DPSE,7,HighTemp,Stage 12-14,2,1,1,6,11_6,3,1,Late,40
DPSE,7,HighTemp,Stage 11,1,0,1,1,11_7,4,1,Late,41
DPSE,7,HighTemp,Stage 12-14,1,0,1,1,11_7,4,1,Late,41
DPSE,7,HighTemp,Stages 1-7,2,0,1,1,11_7,4,1,Late,41
DPSE,7,HighTemp,Stages 8-10,1,1,1,1,11_7,4,1,Late,41
DPSE,7,HighTemp,Stage 11,1,0,1,2,11_7,4,1,Late,41
DPSE,7,HighTemp,Stage 12-14,1,0,1,2,11_7,4,1,Late,41
DPSE,7,HighTemp,Stages 1-7,1,0,1,2,11_7,4,1,Late,41
DPSE,7,HighTemp,Stages 8-10,1,1,1,2,11_7,4,1,Late,41
DPSE,7,HighTemp,Stage 11,1,1,1,3,11_7,4,1,Late,41
DPSE,7,HighTemp,Stage 12-14,1,0,1,3,11_7,4,1,Late,41
DPSE,7,HighTemp,Stages 1-7,2,0,1,3,11_7,4,1,Late,41
DPSE,7,HighTemp,Stages 8-10,0,0,1,3,11_7,4,1,Late,41
DPSE,7,HighTemp,Stage 11,1,0,1,4,11_7,4,1,Late,41
DPSE,7,HighTemp,Stage 12-14,2,1,1,4,11_7,4,1,Late,41
DPSE,7,HighTemp,Stages 1-7,2,0,1,4,11_7,4,1,Late,41
DPSE,7,HighTemp,Stages 8-10,0,0,1,4,11_7,4,1,Late,41
DPSE,7,HighTemp,Stages 1-7,1,0,1,5,11_7,4,1,Late,41
DPSE,7,HighTemp,Stages 8-10,1,0,1,5,11_7,4,1,Late,41
DPSE,7,HighTemp,Stage 11,1,1,1,5,11_7,4,1,Late,41
DPSE,7,HighTemp,Stage 12-14,1,0,1,5,11_7,4,1,Late,41
DPSE,7,HighTemp,Stages 1-7,2,0,1,6,11_7,4,1,Late,41
DPSE,7,HighTemp,Stages 8-10,2,1,1,6,11_7,4,1,Late,41
DPSE,7,HighTemp,Stage 11,0,0,1,6,11_7,4,1,Late,41
DPSE,7,HighTemp,Stage 12-14,1,0,1,6,11_7,4,1,Late,41
DPSE,7,HighTemp,Stages 1-7,3,1,1,7,11_7,4,1,Late,41
DPSE,7,HighTemp,Stages 8-10,0,0,1,7,11_7,4,1,Late,41
DPSE,7,HighTemp,Stage 11,1,0,1,7,11_7,4,1,Late,41
DPSE,7,HighTemp,Stage 12-14,1,0,1,7,11_7,4,1,Late,41
DPSE,7,HighTemp,Stages 8-10,1,0,1,8,11_7,4,1,Late,41
DPSE,7,HighTemp,Stage 11,0,0,1,8,11_7,4,1,Late,41
DPSE,7,HighTemp,Stages 1-7,3,1,1,8,11_7,4,1,Late,41
DPSE,7,HighTemp,Stage 12-14,1,0,1,8,11_7,4,1,Late,41
DPSE,7,HighTemp,Stage 11,0,0,1,1,11_8,5,1,Late,42
DPSE,7,HighTemp,Stage 12-14,1,0,1,1,11_8,5,1,Late,42
DPSE,7,HighTemp,Stages 1-7,3,1,1,1,11_8,5,1,Late,42
DPSE,7,HighTemp,Stages 8-10,0,0,1,1,11_8,5,1,Late,42
DPSE,7,HighTemp,Stage 11,0,0,1,2,11_8,5,1,Late,42
DPSE,7,HighTemp,Stage 12-14,2,1,1,2,11_8,5,1,Late,42
DPSE,7,HighTemp,Stages 1-7,3,1,1,2,11_8,5,1,Late,42
DPSE,7,HighTemp,Stages 8-10,0,0,1,2,11_8,5,1,Late,42
DPSE,7,HighTemp,Stage 11,0,0,1,3,11_8,5,1,Late,42
DPSE,7,HighTemp,Stage 12-14,2,1,1,3,11_8,5,1,Late,42
DPSE,7,HighTemp,Stages 1-7,3,1,1,3,11_8,5,1,Late,42
DPSE,7,HighTemp,Stages 8-10,0,0,1,3,11_8,5,1,Late,42
DPSE,7,HighTemp,Stage 11,0,0,2,1,11_2,2,0,Late,43
DPSE,7,HighTemp,Stage 12-14,1,0,2,1,11_2,2,0,Late,43
DPSE,7,HighTemp,Stages 1-7,2,0,2,1,11_2,2,0,Late,43
DPSE,7,HighTemp,Stages 8-10,1,0,2,1,11_2,2,0,Late,43
DPSE,7,HighTemp,Stage 11,0,0,2,2,11_2,2,0,Late,43
DPSE,7,HighTemp,Stage 12-14,0,0,2,2,11_2,2,0,Late,43
DPSE,7,HighTemp,Stages 1-7,2,0,2,2,11_2,2,0,Late,43
DPSE,7,HighTemp,Stages 8-10,1,0,2,2,11_2,2,0,Late,43
DPSE,7,HighTemp,Stages 1-7,2,0,2,11,11_3,2,0,Late,43
DPSE,7,HighTemp,Stages 8-10,1,0,2,11,11_3,2,0,Late,43
DPSE,7,HighTemp,Stage 11,0,0,2,11,11_3,2,0,Late,43
DPSE,7,HighTemp,Stage 12-14,1,0,2,11,11_3,2,0,Late,43
DPSE,7,HighTemp,Stage 11,0,0,2,3,11_2,2,1,Late,43
DPSE,7,HighTemp,Stage 12-14,2,1,2,3,11_2,2,1,Late,43
DPSE,7,HighTemp,Stages 1-7,4,1,2,3,11_2,2,1,Late,43
DPSE,7,HighTemp,Stages 8-10,0,0,2,3,11_2,2,1,Late,43
DPSE,7,HighTemp,Stage 11,1,0,2,4,11_2,2,1,Late,43
DPSE,7,HighTemp,Stage 12-14,1,0,2,4,11_2,2,1,Late,43
DPSE,7,HighTemp,Stages 1-7,3,1,2,4,11_2,2,1,Late,43
DPSE,7,HighTemp,Stages 8-10,0,0,2,4,11_2,2,1,Late,43
DPSE,7,HighTemp,Stages 1-7,3,1,2,5,11_2,2,1,Late,43
DPSE,7,HighTemp,Stages 8-10,0,0,2,5,11_2,2,1,Late,43
DPSE,7,HighTemp,Stage 11,1,0,2,5,11_2,2,1,Late,43
DPSE,7,HighTemp,Stage 12-14,2,1,2,5,11_2,2,1,Late,43
DPSE,7,HighTemp,Stages 1-7,2,0,2,6,11_3,2,1,Late,43
DPSE,7,HighTemp,Stages 8-10,1,1,2,6,11_3,2,1,Late,43
DPSE,7,HighTemp,Stage 11,0,0,2,6,11_3,2,1,Late,43
DPSE,7,HighTemp,Stage 12-14,1,0,2,6,11_3,2,1,Late,43
DPSE,7,HighTemp,Stages 1-7,3,1,2,7,11_3,2,1,Late,43
DPSE,7,HighTemp,Stages 8-10,1,0,2,7,11_3,2,1,Late,43
DPSE,7,HighTemp,Stage 11,0,0,2,7,11_3,2,1,Late,43
DPSE,7,HighTemp,Stage 12-14,1,0,2,7,11_3,2,1,Late,43
DPSE,7,HighTemp,Stages 1-7,3,1,2,8,11_3,2,1,Late,43
DPSE,7,HighTemp,Stages 8-10,2,0,2,8,11_3,2,1,Late,43
DPSE,7,HighTemp,Stage 11,0,0,2,8,11_3,2,1,Late,43
DPSE,7,HighTemp,Stage 12-14,1,0,2,8,11_3,2,1,Late,43
DPSE,7,HighTemp,Stages 1-7,4,1,2,9,11_3,2,1,Late,43
DPSE,7,HighTemp,Stages 8-10,1,1,2,9,11_3,2,1,Late,43
DPSE,7,HighTemp,Stage 11,0,0,2,9,11_3,2,1,Late,43
DPSE,7,HighTemp,Stage 12-14,1,0,2,9,11_3,2,1,Late,43
DPSE,7,HighTemp,Stages 1-7,4,1,2,10,11_3,2,1,Late,43
DPSE,7,HighTemp,Stages 8-10,1,1,2,10,11_3,2,1,Late,43
DPSE,7,HighTemp,Stage 11,0,0,2,10,11_3,2,1,Late,43
DPSE,7,HighTemp,Stage 12-14,1,0,2,10,11_3,2,1,Late,43
DPSE,7,HighTemp,Stages 1-7,4,1,2,12,11_3,2,1,Late,43
DPSE,7,HighTemp,Stages 8-10,0,0,2,12,11_3,2,1,Late,43
DPSE,7,HighTemp,Stage 11,1,0,2,12,11_3,2,1,Late,43
DPSE,7,HighTemp,Stage 12-14,1,0,2,12,11_3,2,1,Late,43
DPSE,7,HighTemp,Stage 11,1,0,2,1,11_7,4,0,Late,44
DPSE,7,HighTemp,Stage 12-14,1,0,2,1,11_7,4,0,Late,44
DPSE,7,HighTemp,Stages 1-7,2,0,2,1,11_7,4,0,Late,44
DPSE,7,HighTemp,Stages 8-10,1,0,2,1,11_7,4,0,Late,44
DPSE,7,HighTemp,Stage 11,0,0,2,2,11_7,4,0,Late,44
DPSE,7,HighTemp,Stage 12-14,1,0,2,2,11_7,4,0,Late,44
DPSE,7,HighTemp,Stages 1-7,2,0,2,2,11_7,4,0,Late,44
DPSE,7,HighTemp,Stages 8-10,1,0,2,2,11_7,4,0,Late,44
DPSE,7,HighTemp,Stages 1-7,2,0,2,5,11_7,4,0,Late,44
DPSE,7,HighTemp,Stages 8-10,0,0,2,5,11_7,4,0,Late,44
DPSE,7,HighTemp,Stage 11,1,0,2,5,11_7,4,0,Late,44
DPSE,7,HighTemp,Stage 12-14,1,0,2,5,11_7,4,0,Late,44
DPSE,7,HighTemp,Stages 1-7,2,0,2,6,11_7,4,0,Late,44
DPSE,7,HighTemp,Stages 8-10,1,0,2,6,11_7,4,0,Late,44
DPSE,7,HighTemp,Stage 11,1,0,2,6,11_7,4,0,Late,44
DPSE,7,HighTemp,Stage 12-14,1,0,2,6,11_7,4,0,Late,44
DPSE,7,HighTemp,Stages 1-7,2,0,2,7,11_7,4,0,Late,44
DPSE,7,HighTemp,Stages 8-10,1,0,2,7,11_7,4,0,Late,44
DPSE,7,HighTemp,Stage 11,1,0,2,7,11_7,4,0,Late,44
DPSE,7,HighTemp,Stage 12-14,1,0,2,7,11_7,4,0,Late,44
DPSE,7,HighTemp,Stage 11,1,0,2,3,11_7,4,1,Late,44
DPSE,7,HighTemp,Stage 12-14,1,0,2,3,11_7,4,1,Late,44
DPSE,7,HighTemp,Stages 1-7,3,1,2,3,11_7,4,1,Late,44
DPSE,7,HighTemp,Stages 8-10,1,1,2,3,11_7,4,1,Late,44
DPSE,7,HighTemp,Stage 11,2,1,2,4,11_7,4,1,Late,44
DPSE,7,HighTemp,Stage 12-14,1,0,2,4,11_7,4,1,Late,44
DPSE,7,HighTemp,Stages 1-7,3,1,2,4,11_7,4,1,Late,44
DPSE,7,HighTemp,Stages 8-10,0,0,2,4,11_7,4,1,Late,44
DPSE,7,HighTemp,Stages 8-10,0,0,2,8,11_7,4,1,Late,44
DPSE,7,HighTemp,Stage 11,1,1,2,8,11_7,4,1,Late,44
DPSE,7,HighTemp,Stages 1-7,2,0,2,8,11_7,4,1,Late,44
DPSE,7,HighTemp,Stage 12-14,2,1,2,8,11_7,4,1,Late,44
DPSE,7,HighTemp,Stage 11,0,0,2,1,11_8,5,1,Late,45
DPSE,7,HighTemp,Stage 12-14,0,0,2,1,11_8,5,1,Late,45
DPSE,7,HighTemp,Stages 1-7,3,1,2,1,11_8,5,1,Late,45
DPSE,7,HighTemp,Stages 8-10,0,0,2,1,11_8,5,1,Late,45
DPSE,7,HighTemp,Stage 11,0,0,2,2,11_8,5,1,Late,45
DPSE,7,HighTemp,Stage 12-14,2,1,2,2,11_8,5,1,Late,45
DPSE,7,HighTemp,Stages 1-7,2,0,2,2,11_8,5,1,Late,45
DPSE,7,HighTemp,Stages 8-10,0,0,2,2,11_8,5,1,Late,45
DPSE,7,HighTemp,Stage 11,0,0,2,3,11_8,5,1,Late,45
DPSE,7,HighTemp,Stage 12-14,2,1,2,3,11_8,5,1,Late,45
DPSE,7,HighTemp,Stages 1-7,3,1,2,3,11_8,5,1,Late,45
DPSE,7,HighTemp,Stages 8-10,0,0,2,3,11_8,5,1,Late,45